fecha,temperatura,ambiente,nivel
17/06/2023 0:00,31.5,22,51
17/06/2023 1:00,31.47,21.78,51
17/06/2023 2:00,31.235,21.201,47.8
17/06/2023 3:00,31.295,22.43925,52
17/06/2023 4:00,31.375,23.058375,50
17/06/2023 5:00,31.315,23.6775,48
17/06/2023 6:00,31.285,24.91575,50
17/06/2023 7:00,31.17,25.534875,46
17/06/2023 8:00,31.2,26.154,48
17/06/2023 9:00,31.44,26.29575,47
17/06/2023 10:00,31.64,26.366625,47
17/06/2023 11:00,31.83,26.4375,47
17/06/2023 12:00,32.05,26.57925,47
17/06/2023 13:00,32.58,26.650125,47
17/06/2023 14:00,32.935,26.721,48
17/06/2023 15:00,33.265,26.19775,46
17/06/2023 16:00,33.285,25.936125,44
17/06/2023 17:00,33.405,25.6745,47
17/06/2023 18:00,33.535,25.15125,47
17/06/2023 19:00,33.47,24.889625,49
17/06/2023 20:00,33.185,24.628,49
17/06/2023 21:00,33.01,24.3085,47
17/06/2023 22:00,32.735,24.14875,46
17/06/2023 23:00,32.455,23.989,47.5
18/06/2023 0:00,32.205,23.6695,47
18/06/2023 1:00,32.095,23.50975,48
18/06/2023 2:00,32.095,23.35,47.9
18/06/2023 3:00,31.52,23.87225,50
18/06/2023 4:00,31.265,24.133375,48
18/06/2023 5:00,31.315,24.3945,48
18/06/2023 6:00,30.97,24.91675,49
18/06/2023 7:00,30.78,25.177875,47
18/06/2023 8:00,30.61,25.439,47
18/06/2023 9:00,30.675,25.49375,48
18/06/2023 10:00,30.69,25.521125,51
18/06/2023 11:00,30.95,25.5485,46
18/06/2023 12:00,31.095,25.60325,46
18/06/2023 13:00,30.52,25.630625,47
18/06/2023 14:00,30.925,25.658,47
18/06/2023 15:00,31.155,25.216,48
18/06/2023 16:00,31.3,24.995,47
18/06/2023 17:00,30.91,24.774,46
18/06/2023 18:00,31.03,24.332,51
18/06/2023 19:00,30.94,24.111,50
18/06/2023 20:00,30.845,23.89,48
18/06/2023 21:00,30.795,23.507,46
18/06/2023 22:00,30.61,23.3155,48
18/06/2023 23:00,30.485,23.124,47.5
19/06/2023 0:00,30.315,22.741,47
19/06/2023 1:00,30.14,22.5495,47
19/06/2023 2:00,29.88,22.358,46.7
19/06/2023 3:00,29.625,23.59175,47
19/06/2023 4:00,29.39,24.208625,45
19/06/2023 5:00,29.47,24.8255,50
19/06/2023 6:00,29.425,26.05925,45
19/06/2023 7:00,29.22,26.676125,47
19/06/2023 8:00,29.08,27.293,44
19/06/2023 9:00,29.22,27.38025,46
19/06/2023 10:00,29.42,27.423875,49
19/06/2023 11:00,29.55,27.4675,46
19/06/2023 12:00,29.655,27.55475,45
19/06/2023 13:00,30.14,27.598375,45
19/06/2023 14:00,30.215,27.642,44
19/06/2023 15:00,30.515,26.76375,46
19/06/2023 16:00,30.625,26.324625,48
19/06/2023 17:00,31,25.8855,45
19/06/2023 18:00,31.235,25.00725,48
19/06/2023 19:00,31.08,24.568125,51
19/06/2023 20:00,30.81,24.129,46
19/06/2023 21:00,30.635,23.654,46
19/06/2023 22:00,30.36,23.4165,46
19/06/2023 23:00,30.19,23.179,46
20/06/2023 0:00,30.005,22.704,46
20/06/2023 1:00,29.97,22.4665,46
20/06/2023 2:00,29.77,22.229,46.25
20/06/2023 3:00,29.58,22.9915,44
20/06/2023 4:00,29.42,23.37275,46
20/06/2023 5:00,29.27,23.754,46
20/06/2023 6:00,29.155,24.5165,45
20/06/2023 7:00,29.02,24.89775,49
20/06/2023 8:00,28.92,25.279,46
20/06/2023 9:00,29.08,25.455,45
20/06/2023 10:00,29.05,25.543,44
20/06/2023 11:00,29.22,25.631,45
20/06/2023 12:00,29.52,25.807,45
20/06/2023 13:00,29.845,25.895,44
20/06/2023 14:00,30.205,25.983,48
20/06/2023 15:00,30.47,25.387,44
20/06/2023 16:00,30.675,25.089,45
20/06/2023 17:00,30.92,24.791,47
20/06/2023 18:00,31.05,24.195,45
20/06/2023 19:00,31.08,23.897,45
20/06/2023 20:00,30.94,23.599,45
20/06/2023 21:00,30.78,23.39225,45
20/06/2023 22:00,30.64,23.288875,48
20/06/2023 23:00,30.455,23.1855,45
21/06/2023 0:00,30.36,22.97875,45
21/06/2023 1:00,30.25,22.875375,45
21/06/2023 2:00,30.17,22.772,44.75
21/06/2023 3:00,30.08,23.48775,47
21/06/2023 4:00,29.92,23.845625,45
21/06/2023 5:00,29.815,24.2035,45
21/06/2023 6:00,29.685,24.91925,45
21/06/2023 7:00,29.64,25.277125,45
21/06/2023 8:00,29.595,25.635,49
21/06/2023 9:00,29.75,25.937,44
21/06/2023 10:00,29.685,26.088,44
21/06/2023 11:00,30.02,26.239,44
21/06/2023 12:00,30.25,26.541,44
21/06/2023 13:00,30.535,26.692,44
21/06/2023 14:00,30.955,26.843,43
21/06/2023 15:00,31.22,26.527,44
21/06/2023 16:00,31.45,26.369,44
21/06/2023 17:00,31.72,26.211,44
21/06/2023 18:00,31.815,25.895,44
21/06/2023 19:00,31.875,25.737,45
21/06/2023 20:00,31.655,25.579,44
21/06/2023 21:00,31.325,25.0595,44
21/06/2023 22:00,31.175,24.79975,42
21/06/2023 23:00,30.985,24.54,44
22/06/2023 0:00,30.815,24.0205,44
22/06/2023 1:00,30.705,23.76075,46
22/06/2023 2:00,30.515,23.501,42.95
22/06/2023 3:00,30.44,24.7445,44
22/06/2023 4:00,30.3,25.36625,43
22/06/2023 5:00,30.065,25.988,44
22/06/2023 6:00,29.83,27.2315,44
22/06/2023 7:00,29.625,27.85325,47
22/06/2023 8:00,29.515,28.475,45
22/06/2023 9:00,29.535,28.884,43
22/06/2023 10:00,29.58,29.0885,47
22/06/2023 11:00,29.75,29.293,41
22/06/2023 12:00,30.125,29.702,42
22/06/2023 13:00,30.485,29.9065,46
22/06/2023 14:00,30.8,30.111,45
22/06/2023 15:00,31.125,28.9055,41
22/06/2023 16:00,31.315,28.30275,41
22/06/2023 17:00,31.485,27.7,41
22/06/2023 18:00,31.5,26.4945,42
22/06/2023 19:00,31.47,25.89175,43
22/06/2023 20:00,31.345,25.289,41
22/06/2023 21:00,31.175,24.6965,42
22/06/2023 22:00,31,24.40025,43
22/06/2023 23:00,30.845,24.104,43.5
23/06/2023 0:00,30.735,23.5115,40
23/06/2023 1:00,30.625,23.21525,43
23/06/2023 2:00,30.545,22.919,40.85
23/06/2023 3:00,30.455,23.709,49
23/06/2023 4:00,30.345,24.104,42
23/06/2023 5:00,30.25,24.499,43
23/06/2023 6:00,30.125,25.289,43
23/06/2023 7:00,29.97,25.684,45
23/06/2023 8:00,29.86,26.079,40
23/06/2023 9:00,29.92,26.114,42
23/06/2023 10:00,29.92,26.1315,39
23/06/2023 11:00,30.14,26.149,45
23/06/2023 12:00,30.405,26.184,42
23/06/2023 13:00,30.7,26.2015,43
23/06/2023 14:00,30.97,26.219,42
23/06/2023 15:00,31.3,25.68475,41
23/06/2023 16:00,31.565,25.417625,43
23/06/2023 17:00,31.785,25.1505,45
23/06/2023 18:00,31.845,24.61625,44
23/06/2023 19:00,31.875,24.349125,41
23/06/2023 20:00,31.765,24.082,41
23/06/2023 21:00,31.58,23.42575,41
23/06/2023 22:00,31.375,23.097625,42
23/06/2023 23:00,31.22,22.7695,41
24/06/2023 0:00,31.065,22.11325,42
24/06/2023 1:00,30.94,21.785125,41
24/06/2023 2:00,30.815,21.457,39.3
24/06/2023 3:00,30.625,22.85525,42
24/06/2023 4:00,30.455,23.554375,42
24/06/2023 5:00,30.205,24.2535,41
24/06/2023 6:00,30.05,25.65175,41
24/06/2023 7:00,30,26.350875,39
24/06/2023 8:00,29.935,27.05,39
24/06/2023 9:00,30.005,27.11675,40
24/06/2023 10:00,30.185,27.150125,38
24/06/2023 11:00,30.47,27.1835,39
24/06/2023 12:00,30.785,27.25025,40
24/06/2023 13:00,31.02,27.283625,39
24/06/2023 14:00,31.265,27.317,35
24/06/2023 15:00,31.595,26.6325,40
24/06/2023 16:00,31.86,26.29025,39
24/06/2023 17:00,32.035,25.948,43
24/06/2023 18:00,32.125,25.2635,40
24/06/2023 19:00,32.155,24.92125,40
24/06/2023 20:00,32.035,24.579,40
24/06/2023 21:00,31.86,24.05475,40
24/06/2023 22:00,31.66,23.792625,40
24/06/2023 23:00,31.515,23.5305,40
25/06/2023 0:00,31.36,23.00625,40
25/06/2023 1:00,31.235,22.744125,40
25/06/2023 2:00,31.095,22.482,39.3
25/06/2023 3:00,30.985,23.841,40
25/06/2023 4:00,30.83,24.5205,40
25/06/2023 5:00,30.655,25.2,38
25/06/2023 6:00,30.515,26.559,40
25/06/2023 7:00,30.36,27.2385,39
25/06/2023 8:00,30.315,27.918,39
25/06/2023 9:00,30.39,28.32325,39
25/06/2023 10:00,30.58,28.525875,38
25/06/2023 11:00,30.815,28.7285,38
25/06/2023 12:00,31.11,29.13375,37
25/06/2023 13:00,31.36,29.336375,38
25/06/2023 14:00,31.61,29.539,39
25/06/2023 15:00,31.845,28.612,38
25/06/2023 16:00,32.035,28.1485,37
25/06/2023 17:00,32.125,27.685,36
25/06/2023 18:00,32.17,26.758,35
25/06/2023 19:00,32.14,26.2945,38
25/06/2023 20:00,31.97,25.831,43
25/06/2023 21:00,31.69,25.343,38
25/06/2023 22:00,31.515,25.099,38
25/06/2023 23:00,31.315,24.855,38
26/06/2023 0:00,31.14,24.367,37.5
26/06/2023 1:00,31.03,24.123,41
26/06/2023 2:00,30.875,23.879,38
26/06/2023 3:00,30.765,24.61625,38
26/06/2023 4:00,30.705,24.984875,39
26/06/2023 5:00,30.565,25.3535,40
26/06/2023 6:00,30.485,26.09075,39
26/06/2023 7:00,30.345,26.459375,38
26/06/2023 8:00,30.22,26.828,41
26/06/2023 9:00,30.22,27.11625,38
26/06/2023 10:00,30.17,27.260375,38
26/06/2023 11:00,30.345,27.4045,36
26/06/2023 12:00,30.655,27.69275,39
26/06/2023 13:00,30.95,27.836875,37
26/06/2023 14:00,31.265,27.981,37
26/06/2023 15:00,31.61,27.70275,37
26/06/2023 16:00,31.89,27.563625,40
26/06/2023 17:00,32.095,27.4245,38
26/06/2023 18:00,32.095,27.14625,37
26/06/2023 19:00,32.065,27.007125,39
26/06/2023 20:00,31.94,26.868,38
26/06/2023 21:00,31.78,26.35925,40
26/06/2023 22:00,31.625,26.104875,40
26/06/2023 23:00,31.375,25.8505,36
27/06/2023 0:00,31.17,25.34175,35
27/06/2023 1:00,30.935,25.087375,38
27/06/2023 2:00,30.8,24.833,37.4
27/06/2023 3:00,30.625,25.46525,38
27/06/2023 4:00,30.485,25.781375,37
27/06/2023 5:00,30.36,26.0975,37
27/06/2023 6:00,30.3,26.72975,37
27/06/2023 7:00,30.17,27.045875,38
27/06/2023 8:00,30.125,27.362,38
27/06/2023 9:00,30.17,27.5575,37
27/06/2023 10:00,30.44,27.65525,37
27/06/2023 11:00,30.935,27.753,37
27/06/2023 12:00,31.095,27.9485,34
27/06/2023 13:00,31.395,28.04625,39
27/06/2023 14:00,31.75,28.144,37
27/06/2023 15:00,32.03,27.49025,36
27/06/2023 16:00,32.14,27.163375,36.5
27/06/2023 17:00,32.315,26.8365,37
27/06/2023 18:00,32.39,26.18275,37
27/06/2023 19:00,32.39,25.855875,36
27/06/2023 20:00,32.315,25.529,38.5
27/06/2023 21:00,32.14,24.853,40
27/06/2023 22:00,31.97,24.515,41
27/06/2023 23:00,31.78,24.177,37
28/06/2023 0:00,31.64,23.501,37
28/06/2023 1:00,31.515,23.163,38
28/06/2023 2:00,31.36,22.825,37.7
28/06/2023 3:00,31.25,23.76675,37
28/06/2023 4:00,31.11,24.237625,41
28/06/2023 5:00,30.92,24.7085,37
28/06/2023 6:00,30.8,25.65025,37
28/06/2023 7:00,30.64,26.121125,41
28/06/2023 8:00,30.58,26.592,38
28/06/2023 9:00,30.595,26.6875,37
28/06/2023 10:00,30.72,26.73525,37
28/06/2023 11:00,30.935,26.783,37
28/06/2023 12:00,31.17,26.8785,36
28/06/2023 13:00,31.435,26.92625,36
28/06/2023 14:00,31.765,26.974,40
28/06/2023 15:00,32.035,26.65075,37
28/06/2023 16:00,32.265,26.489125,37
28/06/2023 17:00,32.47,26.3275,39
28/06/2023 18:00,32.58,26.00425,37
28/06/2023 19:00,32.565,25.842625,37
28/06/2023 20:00,32.47,25.681,35
28/06/2023 21:00,32.28,25.15,37
28/06/2023 22:00,32.095,24.8845,37
28/06/2023 23:00,31.94,24.619,37
29/06/2023 0:00,31.78,24.088,36.5
29/06/2023 1:00,31.625,23.8225,37
29/06/2023 2:00,31.455,23.557,35.1
29/06/2023 3:00,31.33,24.273,37
29/06/2023 4:00,31.17,24.631,37
29/06/2023 5:00,31.015,24.989,37
29/06/2023 6:00,30.92,25.705,40
29/06/2023 7:00,30.735,26.063,37
29/06/2023 8:00,30.625,26.421,37
29/06/2023 9:00,30.685,26.69325,37
29/06/2023 10:00,30.86,26.829375,38
29/06/2023 11:00,31.03,26.9655,36
29/06/2023 12:00,31.27,27.23775,34
29/06/2023 13:00,31.625,27.373875,36
29/06/2023 14:00,31.89,27.51,34
29/06/2023 15:00,32.25,27.072,36
29/06/2023 16:00,32.52,26.853,36
29/06/2023 17:00,32.72,26.634,32
29/06/2023 18:00,32.875,26.196,36
29/06/2023 19:00,32.875,25.977,38
29/06/2023 20:00,32.78,25.758,40
29/06/2023 21:00,32.595,25.7075,36
29/06/2023 22:00,32.455,25.68225,37
29/06/2023 23:00,32.28,25.657,37
30/06/2023 0:00,32.205,25.6065,37
30/06/2023 1:00,32.045,25.58125,37
30/06/2023 2:00,31.94,25.556,39
30/06/2023 3:00,31.845,25.64475,41
30/06/2023 4:00,31.655,25.689125,37
30/06/2023 5:00,31.47,25.7335,34
30/06/2023 6:00,31.11,25.82225,39
30/06/2023 7:00,30.92,25.866625,37
30/06/2023 8:00,30.67,25.911,36
30/06/2023 9:00,30.55,25.94225,36
30/06/2023 10:00,30.485,25.957875,36
30/06/2023 11:00,30.47,25.9735,38
30/06/2023 12:00,30.655,26.00475,35
30/06/2023 13:00,30.905,26.020375,35
30/06/2023 14:00,31.14,26.036,35
30/06/2023 15:00,31.375,25.74775,35
30/06/2023 16:00,31.5,25.603625,34
30/06/2023 17:00,31.565,25.4595,35
30/06/2023 18:00,31.61,25.17125,37
30/06/2023 19:00,31.58,25.027125,35
30/06/2023 20:00,31.485,24.883,35.5
30/06/2023 21:00,31.28,24.71825,36
30/06/2023 22:00,31.08,24.635875,36
30/06/2023 23:00,31,24.5535,36
01/07/2023 0:00,30.875,24.38875,36
01/07/2023 1:00,30.75,24.306375,36
01/07/2023 2:00,30.625,24.224,37.1
01/07/2023 3:00,30.515,24.68525,36
01/07/2023 4:00,30.315,24.915875,36
01/07/2023 5:00,30.235,25.1465,36
01/07/2023 6:00,30.065,25.60775,40
01/07/2023 7:00,29.97,25.838375,34
01/07/2023 8:00,29.94,26.069,36
01/07/2023 9:00,30.03,26.3625,35
01/07/2023 10:00,30.19,26.50925,35
01/07/2023 11:00,30.42,26.656,38
01/07/2023 12:00,30.72,26.9495,35
01/07/2023 13:00,30.985,27.09625,34
01/07/2023 14:00,31.315,27.243,35
01/07/2023 15:00,31.64,26.708,34
01/07/2023 16:00,31.955,26.4405,38
01/07/2023 17:00,32.185,26.173,34
01/07/2023 18:00,32.345,25.638,33.5
01/07/2023 19:00,32.455,25.3705,33
01/07/2023 20:00,32.33,25.103,33
01/07/2023 21:00,32.155,24.63525,35
01/07/2023 22:00,31.97,24.401375,35
01/07/2023 23:00,31.81,24.1675,36
02/07/2023 0:00,31.705,23.69975,35
02/07/2023 1:00,31.575,23.465875,35
02/07/2023 2:00,31.455,23.232,35.45
02/07/2023 3:00,31.3,24.1335,36
02/07/2023 4:00,31,24.58425,38
02/07/2023 5:00,30.815,25.035,36
02/07/2023 6:00,30.61,25.9365,34
02/07/2023 7:00,30.395,26.38725,37
02/07/2023 8:00,30.735,26.838,35
02/07/2023 9:00,30.78,26.9965,34
02/07/2023 10:00,31.075,27.07575,34
02/07/2023 11:00,31.205,27.155,34
02/07/2023 12:00,31.455,27.3135,38
02/07/2023 13:00,31.815,27.39275,34
02/07/2023 14:00,32.08,27.472,34
02/07/2023 15:00,32.435,26.97925,35
02/07/2023 16:00,32.72,26.732875,34
02/07/2023 17:00,32.955,26.4865,34
02/07/2023 18:00,32.97,25.99375,34
02/07/2023 19:00,33.03,25.747375,35
02/07/2023 20:00,32.97,25.501,35
02/07/2023 21:00,32.86,24.9975,35
02/07/2023 22:00,32.69,24.74575,35
02/07/2023 23:00,32.515,24.494,33
03/07/2023 0:00,32.33,23.9905,34
03/07/2023 1:00,32.22,23.73875,35
03/07/2023 2:00,32.035,23.487,34.7
03/07/2023 3:00,31.875,24.37775,41
03/07/2023 4:00,31.75,24.823125,35
03/07/2023 5:00,31.61,25.2685,37
03/07/2023 6:00,31.47,26.15925,38
03/07/2023 7:00,31.375,26.604625,35
03/07/2023 8:00,31.375,27.05,35
03/07/2023 9:00,31.485,27.19375,34
03/07/2023 10:00,31.64,27.265625,34
03/07/2023 11:00,31.785,27.3375,34
03/07/2023 12:00,32,27.48125,36
03/07/2023 13:00,32.36,27.553125,34
03/07/2023 14:00,32.75,27.625,41
03/07/2023 15:00,33.065,27.191,34
03/07/2023 16:00,33.36,26.974,33
03/07/2023 17:00,33.53,26.757,33
03/07/2023 18:00,33.625,26.323,36
03/07/2023 19:00,33.58,26.106,34
03/07/2023 20:00,33.485,25.889,34
03/07/2023 21:00,33.265,25.47925,36
03/07/2023 22:00,33.04,25.274375,38
03/07/2023 23:00,32.8,25.0695,37.5
04/07/2023 0:00,32.595,24.65975,37
04/07/2023 1:00,32.39,24.454875,36
04/07/2023 2:00,32.22,24.25,34.8
04/07/2023 3:00,32.035,25.066,36
04/07/2023 4:00,31.94,25.474,35
04/07/2023 5:00,31.785,25.882,35
04/07/2023 6:00,31.64,26.698,35
04/07/2023 7:00,31.55,27.106,35
04/07/2023 8:00,31.47,27.514,38
04/07/2023 9:00,31.485,27.763,34
04/07/2023 10:00,31.7,27.8875,34
04/07/2023 11:00,32,28.012,37
04/07/2023 12:00,32.215,28.261,33
04/07/2023 13:00,32.5,28.3855,36
04/07/2023 14:00,32.78,28.51,35
04/07/2023 15:00,33.08,27.9805,33
04/07/2023 16:00,33.3,27.71575,33
04/07/2023 17:00,33.455,27.451,33
04/07/2023 18:00,33.5,26.9215,34
04/07/2023 19:00,33.5,26.65675,34
04/07/2023 20:00,33.455,26.392,34
04/07/2023 21:00,33.455,26.16425,32
04/07/2023 22:00,33.145,26.050375,34
04/07/2023 23:00,32.94,25.9365,34
05/07/2023 0:00,32.75,25.70875,34
05/07/2023 1:00,32.61,25.594875,38
05/07/2023 2:00,32.47,25.481,33.4
05/07/2023 3:00,32.405,25.8445,38
05/07/2023 4:00,32.25,26.02625,34
05/07/2023 5:00,32.065,26.208,34
05/07/2023 6:00,31.935,26.5715,34
05/07/2023 7:00,31.83,26.75325,41
05/07/2023 8:00,31.785,26.935,37
05/07/2023 9:00,31.69,27.11175,34
05/07/2023 10:00,31.765,27.200125,33
05/07/2023 11:00,32.095,27.2885,33
05/07/2023 12:00,32.455,27.46525,33
05/07/2023 13:00,32.905,27.553625,36
05/07/2023 14:00,33.25,27.642,31
05/07/2023 15:00,33.485,27.25275,33
05/07/2023 16:00,33.705,27.058125,33
05/07/2023 17:00,33.815,26.8635,33
05/07/2023 18:00,33.875,26.47425,40
05/07/2023 19:00,33.765,26.279625,31
05/07/2023 20:00,33.595,26.085,33
05/07/2023 21:00,33.375,25.9975,34
05/07/2023 22:00,33.19,25.95375,33
05/07/2023 23:00,33.015,25.91,32
06/07/2023 0:00,32.875,25.8225,35
06/07/2023 1:00,32.655,25.77875,34
06/07/2023 2:00,32.44,25.735,32.6
06/07/2023 3:00,32.315,26.044,33
06/07/2023 4:00,32.11,26.1985,33
06/07/2023 5:00,31.905,26.353,34
06/07/2023 6:00,31.735,26.662,34
06/07/2023 7:00,31.58,26.8165,34
06/07/2023 8:00,31.515,26.971,34
06/07/2023 9:00,31.405,27.18975,33
06/07/2023 10:00,31.375,27.299125,33
06/07/2023 11:00,31.55,27.4085,34
06/07/2023 12:00,31.8,27.62725,33
06/07/2023 13:00,32.155,27.736625,33
06/07/2023 14:00,32.5,27.846,33
06/07/2023 15:00,32.845,27.4675,32
06/07/2023 16:00,33.065,27.27825,32
06/07/2023 17:00,33.125,27.089,36
06/07/2023 18:00,33.19,26.7105,33
06/07/2023 19:00,33.125,26.52125,34
06/07/2023 20:00,33,26.332,33
06/07/2023 21:00,32.845,26.2265,33
06/07/2023 22:00,32.645,26.17375,31
06/07/2023 23:00,32.44,26.121,33
07/07/2023 0:00,32.265,26.0155,33
07/07/2023 1:00,32.05,25.96275,33
07/07/2023 2:00,31.875,25.91,33
07/07/2023 3:00,31.67,26.2855,35
07/07/2023 4:00,31.515,26.47325,33
07/07/2023 5:00,31.36,26.661,31
07/07/2023 6:00,31.205,27.0365,35
07/07/2023 7:00,30.985,27.22425,33
07/07/2023 8:00,30.905,27.412,38
07/07/2023 9:00,30.86,27.6575,35
07/07/2023 10:00,31.065,27.78025,36
07/07/2023 11:00,31.155,27.903,31
07/07/2023 12:00,31.435,28.1485,32
07/07/2023 13:00,31.83,28.27125,30
07/07/2023 14:00,32.185,28.394,32
07/07/2023 15:00,32.455,27.88775,31
07/07/2023 16:00,32.67,27.634625,32
07/07/2023 17:00,32.86,27.3815,36
07/07/2023 18:00,32.985,26.87525,32
07/07/2023 19:00,33.065,26.622125,32
07/07/2023 20:00,33,26.369,32
07/07/2023 21:00,32.78,25.95275,32
07/07/2023 22:00,32.575,25.744625,33
07/07/2023 23:00,32.39,25.5365,33
08/07/2023 0:00,32.315,25.12025,33
08/07/2023 1:00,32.14,24.912125,33
08/07/2023 2:00,32.02,24.704,32.8
08/07/2023 3:00,31.8,25.4745,35
08/07/2023 4:00,31.61,25.85975,37
08/07/2023 5:00,31.47,26.245,33
08/07/2023 6:00,31.3,27.0155,33
08/07/2023 7:00,31.22,27.40075,31
08/07/2023 8:00,31.2,27.786,32
08/07/2023 9:00,31.285,28.09325,32
08/07/2023 10:00,31.505,28.246875,34
08/07/2023 11:00,31.69,28.4005,31
08/07/2023 12:00,31.89,28.70775,31
08/07/2023 13:00,32.2,28.861375,32
08/07/2023 14:00,32.565,29.015,32
08/07/2023 15:00,32.905,28.47375,35
08/07/2023 16:00,33.235,28.203125,30
08/07/2023 17:00,33.47,27.9325,32
08/07/2023 18:00,33.64,27.39125,32
08/07/2023 19:00,33.67,27.120625,34
08/07/2023 20:00,33.625,26.85,32
08/07/2023 21:00,33.47,26.58725,33
08/07/2023 22:00,33.315,26.455875,34
08/07/2023 23:00,33.125,26.3245,30
09/07/2023 0:00,33.015,26.06175,32
09/07/2023 1:00,32.925,25.930375,33
09/07/2023 2:00,32.795,25.799,31.15
09/07/2023 3:00,32.69,26.287,33
09/07/2023 4:00,32.58,26.531,32
09/07/2023 5:00,32.455,26.775,32
09/07/2023 6:00,32.315,27.263,32
09/07/2023 7:00,32.25,27.507,33
09/07/2023 8:00,32.205,27.751,32
09/07/2023 9:00,32.22,28.0525,34
09/07/2023 10:00,32.28,28.20325,31
09/07/2023 11:00,32.58,28.354,31
09/07/2023 12:00,32.815,28.6555,31
09/07/2023 13:00,33,28.80625,31
09/07/2023 14:00,33.33,28.957,37
09/07/2023 15:00,33.685,28.53575,35
09/07/2023 16:00,33.905,28.325125,38
09/07/2023 17:00,34.14,28.1145,31
09/07/2023 18:00,34.33,27.69325,31
09/07/2023 19:00,34.345,27.482625,31.5
09/07/2023 20:00,34.28,27.272,32
09/07/2023 21:00,34.125,26.76175,32
09/07/2023 22:00,33.94,26.506625,36
09/07/2023 23:00,33.705,26.2515,34
10/07/2023 0:00,33.56,25.74125,34
10/07/2023 1:00,33.485,25.486125,32
10/07/2023 2:00,33.28,25.231,32.4
10/07/2023 3:00,33.11,26.127,30
10/07/2023 4:00,32.97,26.575,34
10/07/2023 5:00,32.815,27.023,32
10/07/2023 6:00,32.705,27.919,32
10/07/2023 7:00,32.515,28.367,32
10/07/2023 8:00,32.47,28.815,32
10/07/2023 9:00,32.47,28.83525,31
10/07/2023 10:00,32.625,28.845375,33
10/07/2023 11:00,32.815,28.8555,31
10/07/2023 12:00,33.22,28.87575,31
10/07/2023 13:00,33.485,28.885875,29
10/07/2023 14:00,33.815,28.896,31
10/07/2023 15:00,34.125,28.42475,35
10/07/2023 16:00,34.345,28.189125,33
10/07/2023 17:00,34.515,27.9535,34
10/07/2023 18:00,34.61,27.48225,35
10/07/2023 19:00,34.58,27.246625,31
10/07/2023 20:00,34.485,27.011,32
10/07/2023 21:00,34.28,26.63525,33
10/07/2023 22:00,34.065,26.447375,35
10/07/2023 23:00,33.83,26.2595,31
11/07/2023 0:00,33.655,25.88375,32.5
11/07/2023 1:00,33.5,25.695875,31
11/07/2023 2:00,33.3,25.508,31.9
11/07/2023 3:00,33.125,26,32
11/07/2023 4:00,32.97,26.4,32
11/07/2023 5:00,32.765,26.715,32
11/07/2023 6:00,32.67,27.3185,32
11/07/2023 7:00,32.565,27.62025,32
11/07/2023 8:00,32.7459,27.922,33
11/07/2023 9:00,32.95125,28.019,35
11/07/2023 10:00,33,28.116,31
11/07/2023 11:00,33.15,28.213,31
11/07/2023 12:00,33.3375,28.31,31
11/07/2023 13:00,33.7325,28.69,34
11/07/2023 14:00,34.055,29.1685,31
11/07/2023 15:00,34.4225,28.84,31
11/07/2023 16:00,34.73,29.31,31
11/07/2023 17:00,34.8425,29.79,31
11/07/2023 18:00,34.91,30.33,31
11/07/2023 19:00,34.98,29.32,34
11/07/2023 20:00,34.88,28.267,30
11/07/2023 21:00,34.6925,28.28,30
11/07/2023 22:00,34.44,28.05,32
11/07/2023 23:00,34.2575,27.85,31
12/07/2023 0:00,34.115,27.74,32
12/07/2023 1:00,34,27.31,31
12/07/2023 2:00,33.8825,26.833,31.15
12/07/2023 3:00,33.7675,26.62,35
12/07/2023 4:00,33.65,26.65,31
12/07/2023 5:00,33.5,26.68,32
12/07/2023 6:00,33.355,26.59,31
12/07/2023 7:00,33.29,26.82,34
12/07/2023 8:00,33.2475,28.6235,30
12/07/2023 9:00,33.265,28.9,30
12/07/2023 10:00,33.5075,29.5,31
12/07/2023 11:00,33.825,30.49,31
12/07/2023 12:00,33.955,30.25,30
12/07/2023 13:00,34.2275,29.88,31
12/07/2023 14:00,34.665,29.3585,34
12/07/2023 15:00,34.98,29.26,30
12/07/2023 16:00,35.295,29.04,31
12/07/2023 17:00,35.365,29.23,30
12/07/2023 18:00,35.46,29.24,30
12/07/2023 19:00,35.4525,28.95,31
12/07/2023 20:00,35.31,28.2325,31
12/07/2023 21:00,35.1275,28.13,31
12/07/2023 22:00,34.99,27.93,31
12/07/2023 23:00,34.8525,27.7,33
13/07/2023 0:00,34.685,27.74,31
13/07/2023 1:00,34.55,27.85,31
13/07/2023 2:00,34.4275,27.5645,33.4
13/07/2023 3:00,34.2925,27.56,31
13/07/2023 4:00,34.17,27.57,37
13/07/2023 5:00,34.055,27.21,31
13/07/2023 6:00,33.91,26.63,33
13/07/2023 7:00,33.7925,27.29,31
13/07/2023 8:00,33.7525,28.46,30
13/07/2023 9:00,33.67,28.29,30
13/07/2023 10:00,33.8325,28.75,30
13/07/2023 11:00,33.8725,28.93,30
13/07/2023 12:00,34.09,30.28,31
13/07/2023 13:00,34.44,29.74,31
13/07/2023 14:00,34.765,29.1955,30
13/07/2023 15:00,35.04,29.31,30
13/07/2023 16:00,35.24,29.24,34
13/07/2023 17:00,35.3375,29.03,33
13/07/2023 18:00,35.35,28.63,33
13/07/2023 19:00,35.27,28.19,31
13/07/2023 20:00,35.0625,27.4915,31
13/07/2023 21:00,34.8275,27.37,31
13/07/2023 22:00,34.4325,27.14,31
13/07/2023 23:00,34.5475,27.09,32
14/07/2023 0:00,34.69,27.05,32
14/07/2023 1:00,34.7675,27.02,32
14/07/2023 2:00,34.745,26.6785,32.1
14/07/2023 3:00,34.6075,26.7,35
14/07/2023 4:00,34.1575,26.57,30
14/07/2023 5:00,34.0175,26.43,33
14/07/2023 6:00,33.6975,25.98,36
14/07/2023 7:00,33.115,25.9,34
14/07/2023 8:00,32.98,27.4145,34
14/07/2023 9:00,32.9625,27.56,35
14/07/2023 10:00,33.1025,27.88,35
14/07/2023 11:00,33.33,28.44,36
14/07/2023 12:00,33.5025,28.59,34
14/07/2023 13:00,34.115,28.73,31
14/07/2023 14:00,34.66,29.336,30.5
14/07/2023 15:00,35.195,29.33,30
14/07/2023 16:00,35.16,30.05,34
14/07/2023 17:00,35.2975,29.5,32
14/07/2023 18:00,35.3525,29.34,36
14/07/2023 19:00,35.3225,28.81,32
14/07/2023 20:00,35.4775,27.8145,33
14/07/2023 21:00,35.4775,27.48,33
14/07/2023 22:00,35.34,27.01,33
14/07/2023 23:00,35.335,26.98,33
15/07/2023 0:00,35.2425,27.08,33
15/07/2023 1:00,35.1075,26.94,34
15/07/2023 2:00,34.8575,26.233,32.45
15/07/2023 3:00,34.5275,26.54,37
15/07/2023 4:00,34.21,25.92,34
15/07/2023 5:00,34.4075,25.32,38
15/07/2023 6:00,34.265,24.99,36
15/07/2023 7:00,33.82,24.8,35
15/07/2023 8:00,33.7075,27.7885,35
15/07/2023 9:00,34.0575,28.14,37
15/07/2023 10:00,33.9,29.11,33
15/07/2023 11:00,34.26,30.06,33
15/07/2023 12:00,34.3825,30.25,33
15/07/2023 13:00,34.6225,31.09,32
15/07/2023 14:00,34.8575,31.9605,32
15/07/2023 15:00,35.21,32.23,31
15/07/2023 16:00,35.5625,32.27,32
15/07/2023 17:00,35.7875,32.22,33
15/07/2023 18:00,35.825,32.22,33
15/07/2023 19:00,35.81,32.22,34
15/07/2023 20:00,35.6725,30.1455,33
15/07/2023 21:00,35.39,32.22,31
15/07/2023 22:00,35.485,32.22,34
15/07/2023 23:00,35.085,32.22,35
16/07/2023 0:00,34.6975,32.22,35
16/07/2023 1:00,34.41,32.22,35
16/07/2023 2:00,34.1625,29.1935,36.2
16/07/2023 3:00,34.28,32.22,35
16/07/2023 4:00,34.2975,32.22,35
16/07/2023 5:00,34.2,32.22,35
16/07/2023 6:00,33.5375,32.22,41
16/07/2023 7:00,33.9775,32.22,38
16/07/2023 8:00,34.03,30.38,36
16/07/2023 9:00,34.0425,32.22,35
16/07/2023 10:00,33.93,32.22,39
16/07/2023 11:00,34.1775,32.22,34
16/07/2023 12:00,34.2075,32.02,32
16/07/2023 13:00,34.4875,29.46,40
16/07/2023 14:00,34.7425,29.4295,35
16/07/2023 15:00,35.075,29.68,35
16/07/2023 16:00,35.405,30.13,35
16/07/2023 17:00,35.7975,29.48,34.5
16/07/2023 18:00,35.93,29.08,34
16/07/2023 19:00,35.905,28.56,35
16/07/2023 20:00,35.75,27.877,35
16/07/2023 21:00,35.4425,27.75,36
16/07/2023 22:00,35.07,27.66,36
16/07/2023 23:00,34.765,27.67,36
17/07/2023 0:00,34.54,27.64,35
17/07/2023 1:00,34.395,27.48,36
17/07/2023 2:00,34.4375,26.704,36.4
17/07/2023 3:00,34.2725,27.14,37
17/07/2023 4:00,34.16,26.33,38
17/07/2023 5:00,34.015,25.22,38
17/07/2023 6:00,33.87,24.97,41
17/07/2023 7:00,33.77,25.87,39
17/07/2023 8:00,33.87,27.8815,39
17/07/2023 9:00,33.8725,27.73,40
17/07/2023 10:00,33.8375,28.28,39
17/07/2023 11:00,34.0725,28.66,36
17/07/2023 12:00,34.5575,28.73,40
17/07/2023 13:00,34.825,29.06,40
17/07/2023 14:00,34.995,29.127,36
17/07/2023 15:00,35.385,29.17,36
17/07/2023 16:00,35.505,29.17,39
17/07/2023 17:00,35.6425,29.13,37
17/07/2023 18:00,35.8225,29,38.5
17/07/2023 19:00,36.0375,29.04,40
17/07/2023 20:00,35.72,28.08,41
17/07/2023 21:00,35.3375,27.88,37
17/07/2023 22:00,35.2425,27.57,38
17/07/2023 23:00,35.2,27.46,37
18/07/2023 0:00,35.22,27.44,37
18/07/2023 1:00,34.97,27.24,38.5
18/07/2023 2:00,34.8025,26.322,37.95
18/07/2023 3:00,34.5725,25.89,40
18/07/2023 4:00,34.4275,25.36,42
18/07/2023 5:00,33.8425,25.4,40
18/07/2023 6:00,33.535,24.97,41
18/07/2023 7:00,33.5325,24.38,39
18/07/2023 8:00,33.6725,27.222,39
18/07/2023 9:00,33.6775,28.14,39
18/07/2023 10:00,33.8675,29.97,37
18/07/2023 11:00,34.1025,29.87,38
18/07/2023 12:00,34.3925,29.24,38
18/07/2023 13:00,35.045,29.38,41
18/07/2023 14:00,35.4225,29.474,38
18/07/2023 15:00,35.5775,29.45,38
18/07/2023 16:00,35.9775,29.48,37
18/07/2023 17:00,36.2875,29.96,38
18/07/2023 18:00,36.4025,29.84,38
18/07/2023 19:00,36.37,29.59,38
18/07/2023 20:00,36.2425,28.5,40
18/07/2023 21:00,36.0575,28.14,38
18/07/2023 22:00,36.07,27.92,39
18/07/2023 23:00,35.88,27.86,38
19/07/2023 0:00,35.765,27.85,39
19/07/2023 1:00,35.3875,27.72,40.5
19/07/2023 2:00,35.245,27.045,39.55
19/07/2023 3:00,35.01,27.01,39
19/07/2023 4:00,34.9175,26.45,37
19/07/2023 5:00,34.905,26.35,38
19/07/2023 6:00,34.9,26.38,42
19/07/2023 7:00,34.8575,26.09,40
19/07/2023 8:00,35.0725,28.828,41
19/07/2023 9:00,35.2075,30.11,41
19/07/2023 10:00,35.5075,32.26,42
19/07/2023 11:00,35.855,32.76,39
19/07/2023 12:00,36.2175,31.47,39
19/07/2023 13:00,36.325,29.89,43
19/07/2023 14:00,36.5525,29.6105,37
19/07/2023 15:00,36.8875,29.7,39
19/07/2023 16:00,37.12,29.84,39
19/07/2023 17:00,37.295,29.79,46
19/07/2023 18:00,37.335,29.15,40
19/07/2023 19:00,37.2125,28.95,40
19/07/2023 20:00,37.0375,28.1895,39
19/07/2023 21:00,36.89,28.11,40
19/07/2023 22:00,36.7575,27.84,40
19/07/2023 23:00,36.66,27.88,42
20/07/2023 0:00,36.4225,27.74,40
20/07/2023 1:00,36.315,27.48,40
20/07/2023 2:00,36.13,27.5125,42.95
20/07/2023 3:00,35.9425,27.55,41
20/07/2023 4:00,35.9925,27.55,41
20/07/2023 5:00,35.9025,27.53,41
20/07/2023 6:00,35.935,27.24,41
20/07/2023 7:00,35.945,27.34,44
20/07/2023 8:00,35.6525,28.1445,43
20/07/2023 9:00,35.78,28.56,41
20/07/2023 10:00,35.93,28.56,41
20/07/2023 11:00,35.9675,28.68,43
20/07/2023 12:00,36.03,28.96,46
20/07/2023 13:00,36.16,29.78,43
20/07/2023 14:00,36.38,29.88,40
20/07/2023 15:00,36.4975,29.97,43
20/07/2023 16:00,36.5975,29.76,43
20/07/2023 17:00,36.55,28.81,43
20/07/2023 18:00,36.595,28.85,38
20/07/2023 19:00,36.71,28.9,45
20/07/2023 20:00,36.5625,29.57,42
20/07/2023 21:00,36.52,28.52,42
20/07/2023 22:00,36.5225,27.88,42
20/07/2023 23:00,36.565,27.77,42
21/07/2023 0:00,36.0575,27.55,42
21/07/2023 1:00,36.105,27.39,43
21/07/2023 2:00,35.975,26.9,42
21/07/2023 3:00,35.9575,26.39,43
21/07/2023 4:00,35.9975,26.24,46
21/07/2023 5:00,35.9325,25.79,43
21/07/2023 6:00,36.49,25.67,44
21/07/2023 7:00,36,25.9,45
21/07/2023 8:00,35,26,46
21/07/2023 9:00,35.125,26.125,45
21/07/2023 10:00,35.25,26.25,44
21/07/2023 11:00,35.5,26.5,45
21/07/2023 12:00,35.625,26.625,46
21/07/2023 13:00,35.75,26.75,44
21/07/2023 14:00,35.875,26.875,45
21/07/2023 15:00,36,27,45
21/07/2023 16:00,35.875,26.75,45
21/07/2023 17:00,35.75,26.5,44
21/07/2023 18:00,35.5,26,44
21/07/2023 19:00,35.375,25.75,45
21/07/2023 20:00,35.3125,25.625,46
21/07/2023 21:00,35.25,25.5,46
21/07/2023 22:00,35.125,25.25,47
21/07/2023 23:00,35.0625,25.125,47
22/07/2023 0:00,35,25,48
22/07/2023 1:00,35.125,25.125,46
22/07/2023 2:00,35.25,25.25,45
22/07/2023 3:00,35.5,25.5,45
22/07/2023 4:00,35.625,25.625,45
22/07/2023 5:00,35.75,25.75,44
22/07/2023 6:00,35.8125,25.8125,44
22/07/2023 7:00,35.875,25.875,43
22/07/2023 8:00,36,26,42
22/07/2023 9:00,36.1309375,26.37125,43
22/07/2023 10:00,36.261875,26.7425,44
22/07/2023 11:00,36.52375,27.485,45
22/07/2023 12:00,36.6546875,27.85625,45
22/07/2023 13:00,36.785625,28.2275,45
22/07/2023 14:00,36.9165625,28.59875,45
22/07/2023 15:00,37.0475,28.97,45
22/07/2023 16:00,37.1875,29.22,46
22/07/2023 17:00,37.19,29.04,46
22/07/2023 18:00,37.03,28.85,46
22/07/2023 19:00,36.79,28.93,46
22/07/2023 20:00,36.475,28.67,45
22/07/2023 21:00,36.405,28.44,44
22/07/2023 22:00,36.1925,28.37,42
22/07/2023 23:00,36.2175,28.22,45
23/07/2023 0:00,36.2875,27.9,47
23/07/2023 1:00,36.4825,27.64,47
23/07/2023 2:00,36.36,26.47,46
23/07/2023 3:00,36.425,25.76,50
23/07/2023 4:00,36.1375,25.38,47
23/07/2023 5:00,35.635,24.87,49
23/07/2023 6:00,36.12625,26.31,47
23/07/2023 7:00,36.18765625,26.73875,46
23/07/2023 8:00,36.2490625,27.1675,46
23/07/2023 9:00,36.31046875,27.59625,46
23/07/2023 10:00,36.34117188,27.810625,46
23/07/2023 11:00,36.371875,28.025,46
23/07/2023 12:00,36.43328125,28.45375,46
23/07/2023 13:00,36.4946875,28.8825,46
23/07/2023 14:00,36.55609375,29.31125,46
23/07/2023 15:00,36.58679688,29.525625,46
23/07/2023 16:00,36.6175,29.74,45
23/07/2023 17:00,36.8075,29.53,44
23/07/2023 18:00,36.655,28.96,45
23/07/2023 19:00,36.475,28.67,45
23/07/2023 20:00,36.225,28.35,46
23/07/2023 21:00,36.3,28.11,46
23/07/2023 22:00,36.1075,28,45
23/07/2023 23:00,36.39,27.81,46
24/07/2023 0:00,36.6375,27.62,46
24/07/2023 1:00,36.325,27.47,47
24/07/2023 2:00,36.06,27.37,46
24/07/2023 3:00,35.9175,27.08,46
24/07/2023 4:00,35.9675,26.78,49
24/07/2023 5:00,36.0475,26.56,46
24/07/2023 6:00,36.18,26.44,46
24/07/2023 7:00,35.87,26.24,47
24/07/2023 8:00,35.445,27.53,44
24/07/2023 9:00,35.4,29.75,46
24/07/2023 10:00,35.325,30,46
24/07/2023 11:00,35.2675,30.72,45
24/07/2023 12:00,35.645,32.38,44
24/07/2023 13:00,35.7325,32.58,45
24/07/2023 14:00,36,32.58,43
24/07/2023 15:00,36.1975,32.7,46
24/07/2023 16:00,36.3575,34.68,47
24/07/2023 17:00,36.5225,34,44
24/07/2023 18:00,36.8275,33.15,44
24/07/2023 19:00,36.6675,33.04,45
24/07/2023 20:00,36.6975,31.94,46
24/07/2023 21:00,36.6,30.47,49
24/07/2023 22:00,36.365,29.56,46
24/07/2023 23:00,36.87,28.51,48
25/07/2023 0:00,37.1325,27.47,47
25/07/2023 1:00,36.985,26.87,49.5
25/07/2023 2:00,36.7775,27.79,47
25/07/2023 3:00,36.415,28.41,47
25/07/2023 4:00,36.125,27.22,47
25/07/2023 5:00,36.0075,26.83,48
25/07/2023 6:00,36.09,26.57,47
25/07/2023 7:00,36.1775,25.79,47
25/07/2023 8:00,36.335,27.38,47
25/07/2023 9:00,36.56,30.26,47
25/07/2023 10:00,36.445,31.44,47
25/07/2023 11:00,36.6575,30.25,46
25/07/2023 12:00,36.4775,31.4,49
25/07/2023 13:00,36.7875,30.58,45
25/07/2023 14:00,36.885,30.13,46
25/07/2023 15:00,37.0975,30.74,45
25/07/2023 16:00,37.2425,30.77,46
25/07/2023 17:00,37.5225,30.6,46
25/07/2023 18:00,37.845,30.62,46
25/07/2023 19:00,37.935,30.43,46
25/07/2023 20:00,37.98,29.79,46
25/07/2023 21:00,37.885,28.95,46
25/07/2023 22:00,37.9,28.52,47
25/07/2023 23:00,37.75,28.26,49
26/07/2023 0:00,38.06,28.01,47
26/07/2023 1:00,37.345,27.76,47
26/07/2023 2:00,37.1975,27.59,47
26/07/2023 3:00,37.425,27.35,49
26/07/2023 4:00,37.3175,27.27,47
26/07/2023 5:00,37.4075,27.37,47
26/07/2023 6:00,36.27,27.49,47
26/07/2023 7:00,36.1825,27.6,47
26/07/2023 8:00,36.2525,28.18,46
26/07/2023 9:00,36.46,28.79,46
26/07/2023 10:00,36.5075,28.16,46
26/07/2023 11:00,36.345,28.26,46
26/07/2023 12:00,36.3825,28.46,47
26/07/2023 13:00,35.9825,28.98,46.5
26/07/2023 14:00,35.79,28.86,46
26/07/2023 15:00,35.875,29.03,48
26/07/2023 16:00,35.92,28.94,47
26/07/2023 17:00,35.94,28.75,48
26/07/2023 18:00,36.17,28.75,48
26/07/2023 19:00,35.585,28.69,47
26/07/2023 20:00,35.5275,28.3,46
26/07/2023 21:00,35.285,28.09,45
26/07/2023 22:00,35.4625,27.92,47
26/07/2023 23:00,35.6675,27.8,47
27/07/2023 0:00,35.6575,27.71,47
27/07/2023 1:00,35.5625,27.66,47
27/07/2023 2:00,35.4875,27.47,48
27/07/2023 3:00,35.2675,26.8,53
27/07/2023 4:00,34.865,26.33,48
27/07/2023 5:00,34.6875,26.31,49
27/07/2023 6:00,34.7125,26.4,48
27/07/2023 7:00,34.7175,25.97,47
27/07/2023 8:00,34.8025,26.77,48
27/07/2023 9:00,34.9,28.62,51
27/07/2023 10:00,35.075,28.9,45
27/07/2023 11:00,35.095,28.89,54
27/07/2023 12:00,35.3,29.12,47
27/07/2023 13:00,35.54,29.43,47.5
27/07/2023 14:00,35.8025,29.42,48.5
27/07/2023 15:00,36.1475,29.45,49
27/07/2023 16:00,36.55,29.51,46
27/07/2023 17:00,36.695,29.8,46
27/07/2023 18:00,36.6925,29.72,46
27/07/2023 19:00,36.7275,29.41,50
27/07/2023 20:00,36.5975,28.55,50
27/07/2023 21:00,36.27,27.76,47
27/07/2023 22:00,35.9275,27.48,49
27/07/2023 23:00,35.7825,27.23,50
28/07/2023 0:00,35.7025,27.01,47
28/07/2023 1:00,35.6875,26.69,47
28/07/2023 2:00,35.7375,26.26,48
28/07/2023 3:00,35.725,26.13,48
28/07/2023 4:00,35.5275,25.58,48
28/07/2023 5:00,35.3775,25.17,49
28/07/2023 6:00,35.2025,24.84,49
28/07/2023 7:00,35.1325,24.75,48
28/07/2023 8:00,35.2325,25.91,48
28/07/2023 9:00,35.43,27.68,49
28/07/2023 10:00,35.7,28.82,48
28/07/2023 11:00,36.11,28.51,47
28/07/2023 12:00,36.47,28.92,47
28/07/2023 13:00,36.6675,29.76,47
28/07/2023 14:00,36.9425,30.26,46
28/07/2023 15:00,37.1125,30.24,47
28/07/2023 16:00,37.3075,29.83,47
28/07/2023 17:00,37.44,29.87,49
28/07/2023 18:00,37.4325,29.63,47
28/07/2023 19:00,37.345,29.29,47
28/07/2023 20:00,37.18,28.9,47
28/07/2023 21:00,37.1125,28.02,45
28/07/2023 22:00,37.0375,27.66,47
28/07/2023 23:00,36.995,27.4,48
29/07/2023 0:00,37.045,27.19,48
29/07/2023 1:00,37.1125,27.07,48
29/07/2023 2:00,36.6725,26.38,51
29/07/2023 3:00,36.1675,25.07,52
29/07/2023 4:00,35.945,24.52,48
29/07/2023 5:00,35.935,24.26,48
29/07/2023 6:00,35.8875,24.3,46
29/07/2023 7:00,35.8,24.35,49
29/07/2023 8:00,35.87,25.69,49
29/07/2023 9:00,35.9275,27.85,48
29/07/2023 10:00,35.9175,29.43,47
29/07/2023 11:00,36.15,29.19,47
29/07/2023 12:00,36.545,29.48,47
29/07/2023 13:00,36.61,29.78,45
29/07/2023 14:00,36.88,29.89,50
29/07/2023 15:00,37.1175,30.55,46
29/07/2023 16:00,37.2475,30.08,44
29/07/2023 17:00,37.4125,30.25,50
29/07/2023 18:00,37.4575,30.37,46
29/07/2023 19:00,37.27,30.16,47
29/07/2023 20:00,37.035,29.72,47
29/07/2023 21:00,36.9225,28.78,48
29/07/2023 22:00,36.7225,28.19,51
29/07/2023 23:00,36.82,27.89,50
30/07/2023 0:00,36.935,27.64,51
30/07/2023 1:00,36.6475,27.28,48
30/07/2023 2:00,36.4125,26.76,48
30/07/2023 3:00,36.255,26.47,48
30/07/2023 4:00,36.105,25.87,48
30/07/2023 5:00,35.975,25.13,48
30/07/2023 6:00,35.94,24.87,48
30/07/2023 7:00,35.85,24.88,48
30/07/2023 8:00,35.95,26.44,46
30/07/2023 9:00,36.25,28.36,46
30/07/2023 10:00,36.56,29.2,49
30/07/2023 11:00,36.735,29.57,48
30/07/2023 12:00,37.015,29.42,47
30/07/2023 13:00,37.11,30.45,45
30/07/2023 14:00,37.3025,30.4,49
30/07/2023 15:00,37.6825,30.6,47
30/07/2023 16:00,37.99,30.55,47
30/07/2023 17:00,38.0475,30.49,49
30/07/2023 18:00,38,30.33,50
30/07/2023 19:00,38.01,30.23,47
30/07/2023 20:00,37.845,29.54,50
30/07/2023 21:00,37.6925,28.45,48
30/07/2023 22:00,37.49,27.95,48
30/07/2023 23:00,37.31,27.84,55
31/07/2023 0:00,37.21,27.75,48
31/07/2023 1:00,37.0825,27.48,48
31/07/2023 2:00,36.9825,27.21,51
31/07/2023 3:00,36.88,26.89,48
31/07/2023 4:00,36.78,26.84,51
31/07/2023 5:00,36.68,26.32,48
31/07/2023 6:00,36.6325,25.71,47
31/07/2023 7:00,36.5925,25.37,49
31/07/2023 8:00,36.5575,26.85,49
31/07/2023 9:00,36.6875,28.89,49
31/07/2023 10:00,37.0425,29.28,48
31/07/2023 11:00,37.3425,29.72,47
31/07/2023 12:00,37.57,30.27,48
31/07/2023 13:00,37.6275,31.06,48
31/07/2023 14:00,37.685,31.19,47
31/07/2023 15:00,37.6925,30.92,47
31/07/2023 16:00,37.8675,30.94,47
31/07/2023 17:00,38.0875,30.87,47
31/07/2023 18:00,38.2075,30.73,47
31/07/2023 19:00,38.07,30.29,48
31/07/2023 20:00,37.8075,29.63,50
31/07/2023 21:00,37.4725,28.77,47
31/07/2023 22:00,37.29,28.4,48
31/07/2023 23:00,37.12,28.13,48
01/08/2023 0:00,36.9725,27.6,48
01/08/2023 1:00,36.8725,27.09,48
01/08/2023 2:00,36.705,26.49,50
01/08/2023 3:00,36.49,26.34,48
01/08/2023 4:00,36.325,26.03,48
01/08/2023 5:00,36.2,25.49,48
01/08/2023 6:00,36.0475,25.04,49
01/08/2023 7:00,36.055,24.88,48
01/08/2023 8:00,36.095,26.2,48
01/08/2023 9:00,36.18,29.28,48
01/08/2023 10:00,36.3825,29.16,46
01/08/2023 11:00,36.475,28.74,50
01/08/2023 12:00,36.4575,29.27,48
01/08/2023 13:00,36.6075,29.44,48
01/08/2023 14:00,36.805,29.44,47.5
01/08/2023 15:00,37.22,29.44,47
01/08/2023 16:00,37.5775,29.44,47
01/08/2023 17:00,37.68,29.44,47
01/08/2023 18:00,37.505,29.44,45
01/08/2023 19:00,37.37,29.44,48
01/08/2023 20:00,37.255,29.05,50
01/08/2023 21:00,37.08,28.48,48
01/08/2023 22:00,36.88,28.24,50
01/08/2023 23:00,36.73,27.72,46
02/08/2023 0:00,36.4925,27.52,50
02/08/2023 1:00,36.2025,27.43,48
02/08/2023 2:00,36.025,27.28,48
02/08/2023 3:00,36.0325,27.25,51
02/08/2023 4:00,36.03,26.57,47
02/08/2023 5:00,35.9625,25.34,49
02/08/2023 6:00,35.9,25.17,49
02/08/2023 7:00,35.8775,25.02,51
02/08/2023 8:00,35.9375,25.95,51
02/08/2023 9:00,36.195,28.5,50
02/08/2023 10:00,36.665,29.7,48
02/08/2023 11:00,37.0575,30.05,48
02/08/2023 12:00,37.365,30.19,48
02/08/2023 13:00,37.615,30.58,50
02/08/2023 14:00,37.7425,31.21,49
02/08/2023 15:00,37.9425,31.14,50
02/08/2023 16:00,38.0475,31.32,47
02/08/2023 17:00,38.1375,31.32,47
02/08/2023 18:00,37.9975,32.21,45
02/08/2023 19:00,37.48,32.01,46
02/08/2023 20:00,37.005,32.45,48
02/08/2023 21:00,36.7625,31.63,48
02/08/2023 22:00,36.8425,30.94,48
02/08/2023 23:00,36.715,29.94,48
03/08/2023 0:00,36.56,29.02,48
03/08/2023 1:00,36.41,28.06,48
03/08/2023 2:00,36.2875,27.25,48.5
03/08/2023 3:00,36.1975,27.33,46
03/08/2023 4:00,36.1625,28.3,48
03/08/2023 5:00,35.955,29.68,49
03/08/2023 6:00,36.0175,30.58,48
03/08/2023 7:00,35.6825,30.26,49
03/08/2023 8:00,35.5575,30.51,49
03/08/2023 9:00,35.57,30.67,49
03/08/2023 10:00,35.605,30.07,46
03/08/2023 11:00,35.3825,30.13,51
03/08/2023 12:00,35.205,30.66,47
03/08/2023 13:00,35.26,30.6,49
03/08/2023 14:00,35.39,29.87,47
03/08/2023 15:00,35.565,29.46,47
03/08/2023 16:00,35.78,29.44,47
03/08/2023 17:00,35.8925,29.19,45
03/08/2023 18:00,35.76,28.83,49
03/08/2023 19:00,35.5825,28.66,48
03/08/2023 20:00,35.545,28.21,48
03/08/2023 21:00,35.32,27.98,48
03/08/2023 22:00,34.9075,27.94,50
03/08/2023 23:00,34.6225,27.97,48
04/08/2023 0:00,34.4525,27.78,48
04/08/2023 1:00,34.2675,27.7,51
04/08/2023 2:00,33.91,27.66,48.5
04/08/2023 3:00,33.16,28.09,44
04/08/2023 4:00,32.56,27.83,47
04/08/2023 5:00,32.035,27.38,46
04/08/2023 6:00,31.665,26.7,45
04/08/2023 7:00,31.155,26.36,47
04/08/2023 8:00,30.83,26.26,47
04/08/2023 9:00,30.6075,26.28,44
04/08/2023 10:00,30.5325,26.61,46
04/08/2023 11:00,30.565,26.98,47
04/08/2023 12:00,30.7,27.32,46
04/08/2023 13:00,30.885,27.24,46
04/08/2023 14:00,31.1225,27.11,45.5
04/08/2023 15:00,31.1675,26.99,45
04/08/2023 16:00,31.16,27.09,45
04/08/2023 17:00,31.18,26.89,49
04/08/2023 18:00,31.1275,26.87,47.5
04/08/2023 19:00,31.205,26.98,46
04/08/2023 20:00,31.1275,26.9,46
04/08/2023 21:00,30.9725,26.37,44
04/08/2023 22:00,30.94,26.28,44
04/08/2023 23:00,30.8575,26.14,46
05/08/2023 0:00,30.7175,26.1,46
05/08/2023 1:00,30.675,25.08,47
05/08/2023 2:00,30.565,22.75,46
05/08/2023 3:00,30.4925,22.32,51
05/08/2023 4:00,30.6375,21.82,47
05/08/2023 5:00,30.6475,21.9,47
05/08/2023 6:00,30.5,21.53,46
05/08/2023 7:00,30.2975,21.76,49
05/08/2023 8:00,30.3025,23.18,46
05/08/2023 9:00,30.3925,25.06,46
05/08/2023 10:00,30.3175,27.96,47
05/08/2023 11:00,30.4775,28.75,48
05/08/2023 12:00,30.6125,28.88,45
05/08/2023 13:00,30.7575,28.58,45
05/08/2023 14:00,30.89,28.63,45
05/08/2023 15:00,31.0575,28.96,44
05/08/2023 16:00,31.17,28.95,45
05/08/2023 17:00,31.23,29.15,45
05/08/2023 18:00,31.24,28.67,45
05/08/2023 19:00,31.1175,28.09,43
05/08/2023 20:00,30.93,27.36,47
05/08/2023 21:00,30.7375,26.62,43
05/08/2023 22:00,30.55,26.54,43
05/08/2023 23:00,30.395,26.03,46
06/08/2023 0:00,30.3325,25.42,46
06/08/2023 1:00,30.15,25,46
06/08/2023 2:00,30.0575,24.6,48
06/08/2023 3:00,29.94,24.24,49
06/08/2023 4:00,29.8475,23.21,48
06/08/2023 5:00,29.6825,21.9,44
06/08/2023 6:00,29.5425,21.92,46
06/08/2023 7:00,29.43,22.18,44
06/08/2023 8:00,29.365,23.94,46
06/08/2023 9:00,29.46,26.48,45
06/08/2023 10:00,29.6725,27.74,50
06/08/2023 11:00,29.9125,27.67,44
06/08/2023 12:00,30.405,27.67,45
06/08/2023 13:00,30.645,28.56,48
06/08/2023 14:00,30.905,28.73,47
06/08/2023 15:00,31.205,28.78,45
06/08/2023 16:00,31.5325,28.88,45
06/08/2023 17:00,31.7225,28.74,45
06/08/2023 18:00,31.825,28.5,46
06/08/2023 19:00,31.81,28.04,45
06/08/2023 20:00,31.7475,27.51,46
06/08/2023 21:00,31.69,26.77,45
06/08/2023 22:00,31.6275,26.61,46
06/08/2023 23:00,31.51,26.47,46
07/08/2023 0:00,31.3925,26.56,45
07/08/2023 1:00,31.225,26.54,45
07/08/2023 2:00,31.065,26.45,45.5
07/08/2023 3:00,30.91,26.28,48
07/08/2023 4:00,30.7525,26.31,46
07/08/2023 5:00,30.5875,26.29,46
07/08/2023 6:00,30.54,26.21,46
07/08/2023 7:00,30.445,26.11,45
07/08/2023 8:00,30.1375,26.6,42
07/08/2023 9:00,30.0375,27.14,43
07/08/2023 10:00,30.1025,27.56,45
07/08/2023 11:00,30.2875,28.19,47
07/08/2023 12:00,30.585,28.81,45
07/08/2023 13:00,30.9425,29.1,45
07/08/2023 14:00,31.22,28.86,45
07/08/2023 15:00,31.56,29.13,48
07/08/2023 16:00,31.9425,28.84,44
07/08/2023 17:00,32.1425,28.76,48
07/08/2023 18:00,32.0475,28.04,47
07/08/2023 19:00,31.9575,27.37,45
07/08/2023 20:00,31.795,26.78,45
07/08/2023 21:00,31.65,26.45,44
07/08/2023 22:00,31.555,26.41,45
07/08/2023 23:00,31.4225,26.32,45
08/08/2023 0:00,31.3225,26.14,45
08/08/2023 1:00,31.21,26.01,45
08/08/2023 2:00,31.09,25.9,45
08/08/2023 3:00,30.9425,25.84,45
08/08/2023 4:00,30.805,25.82,52
08/08/2023 5:00,30.6675,25.57,43
08/08/2023 6:00,30.54,24.58,46
08/08/2023 7:00,30.445,23.87,45
08/08/2023 8:00,30.37,26.07,46
08/08/2023 9:00,30.4625,26.95,45
08/08/2023 10:00,30.5475,27.38,45
08/08/2023 11:00,30.8075,27.52,46
08/08/2023 12:00,31.1525,28.16,45
08/08/2023 13:00,31.505,28.62,44.5
08/08/2023 14:00,31.685,28.2,44
08/08/2023 15:00,31.8875,28.27,44
08/08/2023 16:00,32.04,28.28,44
08/08/2023 17:00,32.1325,28.18,40
08/08/2023 18:00,32.1825,27.95,44
08/08/2023 19:00,32.12,27.42,44
08/08/2023 20:00,31.9575,26.89,45
08/08/2023 21:00,31.815,26.48,45
08/08/2023 22:00,31.6925,26.44,44
08/08/2023 23:00,31.5475,26.42,47
09/08/2023 0:00,31.42,26.31,44
09/08/2023 1:00,31.2975,26.23,45
09/08/2023 2:00,31.125,25.91,45
09/08/2023 3:00,31.0575,25.23,47
09/08/2023 4:00,30.94,24.46,46
09/08/2023 5:00,30.805,24.15,45
09/08/2023 6:00,30.68,23.84,47
09/08/2023 7:00,30.6325,23.51,45
09/08/2023 8:00,30.595,24.97,45
09/08/2023 9:00,30.6275,26.88,44
09/08/2023 10:00,30.815,27.82,42
09/08/2023 11:00,31.075,27.94,44
09/08/2023 12:00,31.3725,28.04,47
09/08/2023 13:00,31.71,28.66,44
09/08/2023 14:00,32.0625,29.12,46
09/08/2023 15:00,32.4,29.21,43
09/08/2023 16:00,32.6175,29.69,44
09/08/2023 17:00,32.785,29.48,43
09/08/2023 18:00,32.8175,29.1,44
09/08/2023 19:00,32.75,28.56,44
09/08/2023 20:00,32.61,27.87,44
09/08/2023 21:00,32.4775,27.17,44
09/08/2023 22:00,32.385,26.89,44
09/08/2023 23:00,32.2975,26.69,44
10/08/2023 0:00,32.1825,26.69,47
10/08/2023 1:00,32.0775,26.41,44
10/08/2023 2:00,31.9875,26.2,44
10/08/2023 3:00,31.94,25.91,48
10/08/2023 4:00,31.8525,25.64,47
10/08/2023 5:00,31.7325,25.48,44
10/08/2023 6:00,31.66,25.71,46
10/08/2023 7:00,31.5875,25.46,44
10/08/2023 8:00,31.5225,25.46,45
10/08/2023 9:00,31.5825,27.34,44
10/08/2023 10:00,31.77,29.08,44
10/08/2023 11:00,32.0425,30.46,46
10/08/2023 12:00,32.2625,31.27,43
10/08/2023 13:00,32.5575,32.3,43
10/08/2023 14:00,32.805,32.83,46
10/08/2023 15:00,33.03,33.38,40
10/08/2023 16:00,33.24,34.12,43
10/08/2023 17:00,33.3625,35.12,43
10/08/2023 18:00,33.425,35.06,43
10/08/2023 19:00,33.365,34.81,43
10/08/2023 20:00,33.28,35.28,44
10/08/2023 21:00,33.1775,31.89,43
10/08/2023 22:00,33.0925,29.8,44
10/08/2023 23:00,32.98,28.93,45
11/08/2023 0:00,32.8175,28.31,44
11/08/2023 1:00,32.685,27.7,44
11/08/2023 2:00,32.5975,27.61,44
11/08/2023 3:00,32.5125,27.37,44
11/08/2023 4:00,32.4525,27.29,48
11/08/2023 5:00,32.36,27.33,43
11/08/2023 6:00,32.2325,27.33,44
11/08/2023 7:00,32.15,27.33,45
11/08/2023 8:00,32.1125,27.33,44
11/08/2023 9:00,32.1575,27.33,44
11/08/2023 10:00,32.325,28.25,44
11/08/2023 11:00,32.5475,28.89,41
11/08/2023 12:00,32.77,28.85,41
11/08/2023 13:00,33.1025,28.72,43
11/08/2023 14:00,33.4175,28.72,43
11/08/2023 15:00,33.705,28.72,43
11/08/2023 16:00,33.8875,28.69,43
11/08/2023 17:00,33.98,28.88,42
11/08/2023 18:00,34.005,28.89,41
11/08/2023 19:00,33.95,28.89,44
11/08/2023 20:00,33.84,28.89,43
11/08/2023 21:00,33.695,28.89,42
11/08/2023 22:00,33.555,28.89,47
11/08/2023 23:00,33.42,28.89,47
12/08/2023 0:00,33.2625,28.89,44
12/08/2023 1:00,33.1475,28.89,44
12/08/2023 2:00,33.025,28.89,45
12/08/2023 3:00,32.885,28.89,44
12/08/2023 4:00,32.7375,28.89,44
12/08/2023 5:00,32.62,28.89,42
12/08/2023 6:00,32.4875,28.89,43
12/08/2023 7:00,32.39,28.89,44
12/08/2023 8:00,32.33,28.89,44
12/08/2023 9:00,32.385,28.89,43
12/08/2023 10:00,32.5475,28.89,42
12/08/2023 11:00,32.76,28.89,43
12/08/2023 12:00,33.0775,28.89,42
12/08/2023 13:00,33.3925,28.89,43
12/08/2023 14:00,33.7175,28.89,42
12/08/2023 15:00,33.975,28.89,42
12/08/2023 16:00,34.1675,28.89,45
12/08/2023 17:00,34.315,28.89,43
12/08/2023 18:00,34.3375,28.89,42
12/08/2023 19:00,34.255,28.89,43
12/08/2023 20:00,34.1325,27.75,43
12/08/2023 21:00,33.9375,27.03,43
12/08/2023 22:00,33.8075,26.87,43
12/08/2023 23:00,33.665,26.82,43
13/08/2023 0:00,33.5175,26.61,41
13/08/2023 1:00,33.3975,26.19,43
13/08/2023 2:00,33.27,25.5,43
13/08/2023 3:00,33.1475,24.86,43
13/08/2023 4:00,33.035,25.63,45
13/08/2023 5:00,32.885,26.1,44
13/08/2023 6:00,32.75,25.31,42
13/08/2023 7:00,32.6225,24.48,44
13/08/2023 8:00,32.5475,24.39,44
13/08/2023 9:00,32.55,26.23,43
13/08/2023 10:00,32.655,27.91,43
13/08/2023 11:00,32.865,28.56,42
13/08/2023 12:00,33.0875,28.32,45
13/08/2023 13:00,33.3425,28.72,42
13/08/2023 14:00,33.61,28.91,42
13/08/2023 15:00,33.9125,28.95,42
13/08/2023 16:00,34.09,28.83,42
13/08/2023 17:00,34.205,28.52,42
13/08/2023 18:00,34.2125,28.3,42
13/08/2023 19:00,34.1175,28.03,42
13/08/2023 20:00,33.92,27.34,46
13/08/2023 21:00,33.7175,26.93,43
13/08/2023 22:00,33.5675,26.75,43
13/08/2023 23:00,33.4025,26.66,46
14/08/2023 0:00,33.21,26.44,43
14/08/2023 1:00,33.07,25.73,43
14/08/2023 2:00,32.93,24.69,43
14/08/2023 3:00,32.81,24.29,43
14/08/2023 4:00,32.6775,23.98,43
14/08/2023 5:00,32.565,23.52,47
14/08/2023 6:00,32.42,22.94,43
14/08/2023 7:00,32.2525,22.65,46
14/08/2023 8:00,32.18,23.92,43
14/08/2023 9:00,32.1675,26.43,43
14/08/2023 10:00,32.335,27.58,42
14/08/2023 11:00,32.6,28.19,42
14/08/2023 12:00,32.93,28.56,42
14/08/2023 13:00,33.1625,28.87,42
14/08/2023 14:00,33.5075,28.89,42
14/08/2023 15:00,33.7975,29.33,42
14/08/2023 16:00,34.0775,29.67,41
14/08/2023 17:00,34.235,29.44,42
14/08/2023 18:00,34.285,28.98,42
14/08/2023 19:00,34.2075,28.67,40
14/08/2023 20:00,34.075,27.81,42
14/08/2023 21:00,33.915,27.38,42
14/08/2023 22:00,33.735,27.26,42
14/08/2023 23:00,33.5675,27.18,42
15/08/2023 0:00,33.425,26.96,42
15/08/2023 1:00,33.3125,26.29,41
15/08/2023 2:00,33.145,25.44,43
15/08/2023 3:00,32.995,25.02,45
15/08/2023 4:00,32.86,24.86,41
15/08/2023 5:00,32.725,24.61,42.5
15/08/2023 6:00,32.57,24.15,44
15/08/2023 7:00,32.445,23.82,43
15/08/2023 8:00,32.375,24.55,43
15/08/2023 9:00,32.36,26.78,43
15/08/2023 10:00,32.4225,28.03,42
15/08/2023 11:00,32.63,28.69,41
15/08/2023 12:00,32.89,29.13,41
15/08/2023 13:00,33.1425,28.96,41
15/08/2023 14:00,33.4575,29.01,41.5
15/08/2023 15:00,33.765,29.2,42
15/08/2023 16:00,33.99,29.19,37
15/08/2023 17:00,34.1525,28.86,39
15/08/2023 18:00,34.17,28.74,39
15/08/2023 19:00,34.08,28.08,42
15/08/2023 20:00,33.885,27.67,42
15/08/2023 21:00,33.6925,27.4,45
15/08/2023 22:00,33.505,27.28,42
15/08/2023 23:00,33.3975,27.15,40
16/08/2023 0:00,33.2725,27.04,42
16/08/2023 1:00,33.155,26.88,42
16/08/2023 2:00,33.015,26.75,43
16/08/2023 3:00,32.895,25.47,42
16/08/2023 4:00,32.76,24.6,43
16/08/2023 5:00,32.615,24.17,43
16/08/2023 6:00,32.4625,23.79,42
16/08/2023 7:00,32.295,23.65,46
16/08/2023 8:00,32.2125,26.64,41
16/08/2023 9:00,32.2075,27.54,42
16/08/2023 10:00,32.26,28.29,41
16/08/2023 11:00,32.3475,28.32,39
16/08/2023 12:00,32.605,28.69,39
16/08/2023 13:00,32.975,29.25,41
16/08/2023 14:00,33.335,29.34,41
16/08/2023 15:00,33.625,29.32,41
16/08/2023 16:00,33.8225,29.53,43
16/08/2023 17:00,33.9675,29.26,41
16/08/2023 18:00,33.995,29.15,44
16/08/2023 19:00,33.9825,28.55,39
16/08/2023 20:00,33.9025,27.67,41
16/08/2023 21:00,33.7575,27.43,41
16/08/2023 22:00,33.6225,27.36,45
16/08/2023 23:00,33.48,27.25,42
17/08/2023 0:00,33.3475,27.01,39
17/08/2023 1:00,33.245,26.67,42
17/08/2023 2:00,33.1375,26.1,42
17/08/2023 3:00,33.025,25.55,41
17/08/2023 4:00,32.93,25.52,43
17/08/2023 5:00,32.8225,25.28,41
17/08/2023 6:00,32.6975,25.01,42
17/08/2023 7:00,32.58,24.67,41
17/08/2023 8:00,32.525,25.09,41
17/08/2023 9:00,32.5525,27.1,41
17/08/2023 10:00,32.635,28.8,40
17/08/2023 11:00,32.8875,29.34,45
17/08/2023 12:00,33.175,29.39,40
17/08/2023 13:00,33.485,29.83,40
17/08/2023 14:00,33.72,29.89,40
17/08/2023 15:00,33.9825,29.88,39
17/08/2023 16:00,34.1875,30.25,40
17/08/2023 17:00,34.32,30.06,41
17/08/2023 18:00,34.36,29.53,41
17/08/2023 19:00,34.2875,28.82,42
17/08/2023 20:00,34.175,28.28,43
17/08/2023 21:00,34.0275,27.61,44
17/08/2023 22:00,33.885,27.5,41
17/08/2023 23:00,33.76,27.61,41
18/08/2023 0:00,33.63,27.44,41
18/08/2023 1:00,33.4575,26.79,43
18/08/2023 2:00,33.32,26,41
18/08/2023 3:00,33.1775,25.5,41
18/08/2023 4:00,33.0875,25.5,41
18/08/2023 5:00,32.96,25.15,41
18/08/2023 6:00,32.8075,24.26,41
18/08/2023 7:00,32.6375,23.77,42
18/08/2023 8:00,32.5475,24.81,41
18/08/2023 9:00,32.6125,27.35,41
18/08/2023 10:00,32.8125,28.99,40
18/08/2023 11:00,33.0275,28.68,40
18/08/2023 12:00,33.275,28.71,40
18/08/2023 13:00,33.725,29.19,40
18/08/2023 14:00,34.1,29.69,46
18/08/2023 15:00,34.385,29.7,40
18/08/2023 16:00,34.62,29.94,40
18/08/2023 17:00,34.7775,30.45,40
18/08/2023 18:00,34.8125,30.28,40
18/08/2023 19:00,34.72,29.63,40
18/08/2023 20:00,34.555,28.63,40
18/08/2023 21:00,34.4275,28.29,44
18/08/2023 22:00,34.2875,28.02,41
18/08/2023 23:00,34.145,27.41,40
19/08/2023 0:00,34.04,27.15,40
19/08/2023 1:00,33.9225,26.97,41
19/08/2023 2:00,33.8175,26.27,41
19/08/2023 3:00,33.6775,25.74,41
19/08/2023 4:00,33.5675,25.04,43
19/08/2023 5:00,33.405,25.02,41
19/08/2023 6:00,33.3,24.9,42
19/08/2023 7:00,33.1725,24.37,41
19/08/2023 8:00,33.11,24.66,41
19/08/2023 9:00,33.14,27.35,41
19/08/2023 10:00,33.305,28.82,44
19/08/2023 11:00,33.5375,29.05,39
19/08/2023 12:00,33.84,29.38,40
19/08/2023 13:00,34.21,29.57,40
19/08/2023 14:00,34.4925,29.53,40
19/08/2023 15:00,34.7625,29.46,43
19/08/2023 16:00,34.96,29.41,40
19/08/2023 17:00,35.075,29.15,40
19/08/2023 18:00,35.14,28.97,40
19/08/2023 19:00,35.06,28.72,36
19/08/2023 20:00,34.9,28.28,40
19/08/2023 21:00,34.74,27.67,36
19/08/2023 22:00,34.62,27.26,40
19/08/2023 23:00,34.5025,27.49,40
20/08/2023 0:00,34.36,27.48,39
20/08/2023 1:00,34.2125,27.5,44
20/08/2023 2:00,34.0675,27.45,41
20/08/2023 3:00,33.935,27.44,42
20/08/2023 4:00,33.83,27.64,40
20/08/2023 5:00,33.695,27.49,40
20/08/2023 6:00,33.59,27.44,40
20/08/2023 7:00,33.4725,27.45,40
20/08/2023 8:00,33.425,28.05,38
20/08/2023 9:00,33.4675,28.61,38
20/08/2023 10:00,33.6475,29.03,38
20/08/2023 11:00,33.925,29.18,39
20/08/2023 12:00,34.2325,29.5,40
20/08/2023 13:00,34.55,29.77,42
20/08/2023 14:00,34.8325,29.99,42
20/08/2023 15:00,35.1125,30.19,39
20/08/2023 16:00,35.3025,30.1,40
20/08/2023 17:00,35.4125,29.74,37
20/08/2023 18:00,35.415,29.65,39
20/08/2023 19:00,35.3125,29.01,37
20/08/2023 20:00,35.1375,28.4,40
20/08/2023 21:00,34.99,27.83,40
20/08/2023 22:00,34.865,27.7,40
20/08/2023 23:00,34.7175,27.79,40
21/08/2023 0:00,34.55,27.71,40
21/08/2023 1:00,34.4275,27.57,43
21/08/2023 2:00,34.285,27.35,40
21/08/2023 3:00,34.1125,26.75,40
21/08/2023 4:00,33.9925,25.93,40
21/08/2023 5:00,33.8175,25.56,40
21/08/2023 6:00,33.695,25.05,43
21/08/2023 7:00,33.5425,25.03,47
21/08/2023 8:00,33.475,25.44,40
21/08/2023 9:00,33.495,27.68,43
21/08/2023 10:00,33.6875,28.82,39
21/08/2023 11:00,33.9075,28.9,39
21/08/2023 12:00,34.195,29.19,39
21/08/2023 13:00,34.4925,29.3,39
21/08/2023 14:00,34.8175,29.44,39
21/08/2023 15:00,35.14,29.71,39
21/08/2023 16:00,35.39,29.57,39
21/08/2023 17:00,35.475,29.6,39
21/08/2023 18:00,35.48,29.53,39
21/08/2023 19:00,35.395,29.12,39
21/08/2023 20:00,35.2175,28.69,39
21/08/2023 21:00,35.055,28.22,40
21/08/2023 22:00,34.9075,27.95,40
21/08/2023 23:00,34.7675,27.57,38
22/08/2023 0:00,34.615,26.44,40
22/08/2023 1:00,34.46,25.69,43
22/08/2023 2:00,34.32,25.33,43
22/08/2023 3:00,34.185,25,41.5
22/08/2023 4:00,34.0225,24.38,40
22/08/2023 5:00,33.8725,23.87,39
22/08/2023 6:00,33.7425,23.36,41
22/08/2023 7:00,33.535,23.27,40
22/08/2023 8:00,33.4175,25,37
22/08/2023 9:00,33.43,28.27,43
22/08/2023 10:00,33.5375,29.94,39
22/08/2023 11:00,33.7625,30.14,39
22/08/2023 12:00,34.0625,30.24,39
22/08/2023 13:00,34.425,30.16,39
22/08/2023 14:00,34.73,30.3,39
22/08/2023 15:00,34.84,30.16,39
22/08/2023 16:00,35.08,30.21,39
22/08/2023 17:00,35.21,30.01,39
22/08/2023 18:00,35.2275,29.73,39
22/08/2023 19:00,35.17,29.21,39
22/08/2023 20:00,35.0075,28.7,39
22/08/2023 21:00,34.8275,28.31,41
22/08/2023 22:00,34.65,28.07,39
22/08/2023 23:00,34.4625,27.94,39
23/08/2023 0:00,34.315,27.93,39
23/08/2023 1:00,34.145,27.63,40
23/08/2023 2:00,34.035,26.04,39
23/08/2023 3:00,33.8975,25.33,41
23/08/2023 4:00,33.7275,24.85,40
23/08/2023 5:00,33.53,24.36,40
23/08/2023 6:00,33.34,23.04,40
23/08/2023 7:00,33.1725,22.75,40
23/08/2023 8:00,33.075,24.63,39
23/08/2023 9:00,33.0875,28.02,39
23/08/2023 10:00,33.2125,29.87,39
23/08/2023 11:00,33.3625,31.51,39
23/08/2023 12:00,33.52,31.48,42
23/08/2023 13:00,33.81,31.35,38
23/08/2023 14:00,34.125,31.18,36
23/08/2023 15:00,34.295,31.48,38
23/08/2023 16:00,34.5275,31.11,38
23/08/2023 17:00,34.6325,30.74,36
23/08/2023 18:00,34.6775,30.45,38
23/08/2023 19:00,34.61,29.85,40
23/08/2023 20:00,34.45,29.23,36
23/08/2023 21:00,34.3175,28.65,39
23/08/2023 22:00,34.1575,28.23,38
23/08/2023 23:00,34.005,27.74,38
24/08/2023 0:00,33.8675,27.11,43
24/08/2023 1:00,33.7475,25.65,39
24/08/2023 2:00,33.63,25.37,42
24/08/2023 3:00,33.5075,24.84,39
24/08/2023 4:00,33.3775,24.25,42
24/08/2023 5:00,33.135,23.78,41
24/08/2023 6:00,32.95,22.67,39
24/08/2023 7:00,32.8175,23.02,39
24/08/2023 8:00,32.645,24.91,36
24/08/2023 9:00,32.6575,27.23,38
24/08/2023 10:00,32.8025,30.37,38
24/08/2023 11:00,33.0825,32.68,38
24/08/2023 12:00,33.4725,31.91,37
24/08/2023 13:00,33.62,31.5,39
24/08/2023 14:00,33.865,31.69,44
24/08/2023 15:00,34.115,31.25,37
24/08/2023 16:00,34.305,31.24,40
24/08/2023 17:00,34.385,30.93,36
24/08/2023 18:00,34.4075,30.61,38
24/08/2023 19:00,34.3225,30,38
24/08/2023 20:00,34.11,29.37,41
24/08/2023 21:00,33.9525,28.31,38
24/08/2023 22:00,33.835,27.98,38
24/08/2023 23:00,33.735,27.56,38
25/08/2023 0:00,33.595,26.52,43
25/08/2023 1:00,33.4475,26.24,41
25/08/2023 2:00,33.31,25.68,41
25/08/2023 3:00,33.125,25.06,38
25/08/2023 4:00,32.9575,24.77,41
25/08/2023 5:00,32.8,24.56,38
25/08/2023 6:00,32.665,23.66,42
25/08/2023 7:00,32.5475,23.81,38
25/08/2023 8:00,32.445,24.64,38
25/08/2023 9:00,32.4625,27.47,38
25/08/2023 10:00,32.605,29.15,38
25/08/2023 11:00,32.8475,30.71,38
25/08/2023 12:00,33.105,31.64,39
25/08/2023 13:00,33.3525,31.89,36
25/08/2023 14:00,33.61,32.52,35
25/08/2023 15:00,33.805,33.25,36
25/08/2023 16:00,33.9125,33.49,36
25/08/2023 17:00,33.96,33.29,36
25/08/2023 18:00,33.8925,31.88,35
25/08/2023 19:00,33.78,30.83,37
25/08/2023 20:00,33.6325,29.71,37
25/08/2023 21:00,33.4575,29.28,37
25/08/2023 22:00,33.3325,28.98,38
25/08/2023 23:00,33.15,28.64,37
26/08/2023 0:00,32.9975,28.22,38
26/08/2023 1:00,32.9075,27.44,37
26/08/2023 2:00,32.805,27.55,38
26/08/2023 3:00,32.6925,26.3,37
26/08/2023 4:00,32.5775,26,37
26/08/2023 5:00,32.465,25.62,38
26/08/2023 6:00,32.365,24.76,37
26/08/2023 7:00,32.2225,24.68,39
26/08/2023 8:00,32.1025,25.39,38
26/08/2023 9:00,32.18,27.08,37
26/08/2023 10:00,32.3675,28.72,37
26/08/2023 11:00,32.6475,30.5,39
26/08/2023 12:00,32.9375,30.75,37
26/08/2023 13:00,33.2975,30.97,36
26/08/2023 14:00,33.66,30.82,37
26/08/2023 15:00,33.8825,30.72,36
26/08/2023 16:00,34.0175,30.37,37
26/08/2023 17:00,33.8775,28.9,35
26/08/2023 18:00,33.83,28.9,35
26/08/2023 19:00,33.7475,28.88,36
26/08/2023 20:00,33.61,29.17,41
26/08/2023 21:00,33.49,29.04,39
26/08/2023 22:00,33.32,28.78,36
26/08/2023 23:00,33.0975,28.62,37
27/08/2023 0:00,32.9075,28.02,40
27/08/2023 1:00,32.76,28.05,38
27/08/2023 2:00,32.635,28.12,35
27/08/2023 3:00,32.4775,28.06,37
27/08/2023 4:00,32.3025,27.86,37
27/08/2023 5:00,32.16,27.48,37
27/08/2023 6:00,32.0775,27.25,37
27/08/2023 7:00,31.9925,26.74,37
27/08/2023 8:00,31.9175,26.82,38
27/08/2023 9:00,31.895,27.6,37
27/08/2023 10:00,31.84,27.81,40
27/08/2023 11:00,31.745,29.37,44
27/08/2023 12:00,31.59,30.75,41
27/08/2023 13:00,31.4475,30.62,41
27/08/2023 14:00,31.375,30.65,41
27/08/2023 15:00,31.2825,30.62,39
27/08/2023 16:00,31.155,31.52,40
27/08/2023 17:00,31.0025,31.66,38
27/08/2023 18:00,30.74,31.27,38
27/08/2023 19:00,30.36,30.19,36
27/08/2023 20:00,30.0425,29.22,34
27/08/2023 21:00,29.785,28.15,34
27/08/2023 22:00,29.5925,27.17,37
27/08/2023 23:00,29.39,26.04,38
28/08/2023 0:00,29.0825,24.85,37
28/08/2023 1:00,28.835,23.81,37
28/08/2023 2:00,28.6,23.26,34
28/08/2023 3:00,28.45,23.47,37.5
28/08/2023 4:00,28.1825,23.18,37
28/08/2023 5:00,27.9125,22.2,36
28/08/2023 6:00,27.7625,21.33,34
28/08/2023 7:00,27.565,22.45,37
28/08/2023 8:00,27.32,22.62,36
28/08/2023 9:00,27.2125,24.06,37
28/08/2023 10:00,27.135,25.44,37
28/08/2023 11:00,27.3175,26.84,36
28/08/2023 12:00,27.6675,28.18,35
28/08/2023 13:00,28.1175,29.15,31
28/08/2023 14:00,28.4575,29.74,35
28/08/2023 15:00,28.5475,29.58,33
28/08/2023 16:00,28.73,28.83,30
28/08/2023 17:00,28.9625,28.66,34
28/08/2023 18:00,28.855,28.69,37
28/08/2023 19:00,28.6175,27.61,33
28/08/2023 20:00,28.4025,27.14,32
28/08/2023 21:00,28.04,26.87,36
28/08/2023 22:00,27.8175,26.46,37
28/08/2023 23:00,27.8025,25.83,33
29/08/2023 0:00,27.745,25.18,35
29/08/2023 1:00,27.64,24.6,36
29/08/2023 2:00,27.545,24.29,35
29/08/2023 3:00,27.4275,23.47,35
29/08/2023 4:00,27.31,23.48,36
29/08/2023 5:00,27.2425,23.26,39
29/08/2023 6:00,27.215,23.03,36
29/08/2023 7:00,27.1525,22.51,35
29/08/2023 8:00,27.1025,23.52,35
29/08/2023 9:00,27.1175,26.08,41
29/08/2023 10:00,27.22,28.5,34
29/08/2023 11:00,27.5025,30.3,34
29/08/2023 12:00,27.685,30.31,35
29/08/2023 13:00,27.8175,29.15,33
29/08/2023 14:00,28.045,29.42,33
29/08/2023 15:00,28.2925,28.63,36
29/08/2023 16:00,28.5025,28.94,34
29/08/2023 17:00,28.8025,29.27,38
29/08/2023 18:00,28.97,28.4,37
29/08/2023 19:00,28.9925,27.7,36
29/08/2023 20:00,28.9175,27.11,33
29/08/2023 21:00,28.86,26.75,34
29/08/2023 22:00,28.8025,26.48,35
29/08/2023 23:00,28.7625,26.34,35
30/08/2023 0:00,28.7225,26.19,35
30/08/2023 1:00,28.6575,26.28,35
30/08/2023 2:00,28.5725,26.31,35
30/08/2023 3:00,28.4925,25.66,36
30/08/2023 4:00,28.41,23.86,36
30/08/2023 5:00,28.305,23.75,39
30/08/2023 6:00,28.2075,23.23,39
30/08/2023 7:00,28.095,22.75,37
30/08/2023 8:00,28.045,23.02,35
30/08/2023 9:00,28.07,25.26,35
30/08/2023 10:00,28.26,26.93,34
30/08/2023 11:00,28.5075,27.3,34
30/08/2023 12:00,28.7325,27.19,34
30/08/2023 13:00,29.02,27.24,34
30/08/2023 14:00,29.2775,27.29,35
30/08/2023 15:00,29.4,26.94,33
30/08/2023 16:00,29.5375,26.9,34
30/08/2023 17:00,29.555,26.85,36
30/08/2023 18:00,29.51,26.66,34
30/08/2023 19:00,29.4525,26.6,38
30/08/2023 20:00,29.39,26.16,36
30/08/2023 21:00,29.285,25.84,37
30/08/2023 22:00,29.19,25.32,35
30/08/2023 23:00,29.1175,25.25,33
31/08/2023 0:00,29.0225,24.46,35
31/08/2023 1:00,28.955,23.53,37
31/08/2023 2:00,28.78,23.14,35
31/08/2023 3:00,28.695,22.83,34
31/08/2023 4:00,28.575,22.52,35
31/08/2023 5:00,28.435,22.08,38
31/08/2023 6:00,28.36,21.43,35
31/08/2023 7:00,28.2875,21.24,35
31/08/2023 8:00,28.205,21.87,35
31/08/2023 9:00,28.245,24.45,34
31/08/2023 10:00,28.4525,26.5,35
31/08/2023 11:00,28.75,26.64,33
31/08/2023 12:00,29.0475,26.95,32
31/08/2023 13:00,29.3375,27.27,31
31/08/2023 14:00,29.7175,27.56,37
31/08/2023 15:00,30.105,27.83,34
31/08/2023 16:00,30.3125,28.06,33
31/08/2023 17:00,30.46,28.03,34
31/08/2023 18:00,30.5575,27.97,34
31/08/2023 19:00,30.5275,27.56,34
31/08/2023 20:00,30.3925,26.65,36
31/08/2023 21:00,30.2775,26.06,34
31/08/2023 22:00,30.16,25.72,34
31/08/2023 23:00,30.075,25.36,34
01/09/2023 0:00,29.9875,25.05,34
01/09/2023 1:00,29.9175,24.73,37
01/09/2023 2:00,29.81,23.44,34
01/09/2023 3:00,29.715,22.59,35
01/09/2023 4:00,29.5775,22.27,32
01/09/2023 5:00,29.47,22.03,38
01/09/2023 6:00,29.36,21.48,36
01/09/2023 7:00,29.27,21.44,37
01/09/2023 8:00,29.2025,22.1,34
01/09/2023 9:00,29.2575,24.82,34
01/09/2023 10:00,29.4,26.23,33
01/09/2023 11:00,29.6,26.75,34
01/09/2023 12:00,29.8525,26.98,33
01/09/2023 13:00,30.1375,27.36,33
01/09/2023 14:00,30.4425,27.74,37
01/09/2023 15:00,30.56,27.44,33
01/09/2023 16:00,30.66,27.46,36
01/09/2023 17:00,30.76,27.49,33
01/09/2023 18:00,30.81,27.56,35
01/09/2023 19:00,30.775,27.12,34
01/09/2023 20:00,30.655,26.31,34
01/09/2023 21:00,30.5325,25.76,34
01/09/2023 22:00,30.4075,25.65,34
01/09/2023 23:00,30.275,25.6,38
02/09/2023 0:00,30.165,25.54,35
02/09/2023 1:00,30.0475,25.52,35
02/09/2023 2:00,29.9475,25.63,38
02/09/2023 3:00,29.8625,23.97,34
02/09/2023 4:00,29.75,22.92,35
02/09/2023 5:00,29.6325,22.55,35
02/09/2023 6:00,29.515,22.85,36
02/09/2023 7:00,29.45,23.16,36
02/09/2023 8:00,29.33,24.12,31
02/09/2023 9:00,29.1425,23,34
02/09/2023 10:00,29.035,23.76,35
02/09/2023 11:00,29.0875,25.51,33
02/09/2023 12:00,29.0725,25.86,35
02/09/2023 13:00,29.0025,25.61,32
02/09/2023 14:00,29.315,26.8,35
02/09/2023 15:00,29.74,26.94,33
02/09/2023 16:00,29.885,26.86,37
02/09/2023 17:00,29.7925,27.05,33
02/09/2023 18:00,29.685,26.02,35
02/09/2023 19:00,29.555,25.19,33
02/09/2023 20:00,29.36,24.75,33
02/09/2023 21:00,29.2175,21.76,34
02/09/2023 22:00,29.135,21.88,36
02/09/2023 23:00,29.095,22.11,35
03/09/2023 0:00,29.0225,21.35,36
03/09/2023 1:00,28.9025,20.71,36
03/09/2023 2:00,28.78,20.18,37
03/09/2023 3:00,28.6175,19.6,36
03/09/2023 4:00,28.57,19.94,35
03/09/2023 5:00,28.56,19.85,39
03/09/2023 6:00,28.3675,19.9,43
03/09/2023 7:00,28.245,19.44,39
03/09/2023 8:00,28.105,19.6,39
03/09/2023 9:00,27.91,22.51,37
03/09/2023 10:00,27.86,25.41,36
03/09/2023 11:00,27.615,26.55,37
03/09/2023 12:00,27.4675,26.79,36
03/09/2023 13:00,27.7475,27.15,34
03/09/2023 14:00,27.9875,27.37,37
03/09/2023 15:00,27.9925,27.3,35
03/09/2023 16:00,28.1025,27.2,36
03/09/2023 17:00,28.1575,27.1,34
03/09/2023 18:00,28.2375,27.19,36
03/09/2023 19:00,28.2375,27.15,35
03/09/2023 20:00,28.3275,27,38
03/09/2023 21:00,28.2775,27.04,36
03/09/2023 22:00,28.0925,27.34,35
03/09/2023 23:00,27.895,27.44,36
04/09/2023 0:00,27.8225,27.47,35.5
04/09/2023 1:00,27.7125,27.47,35
04/09/2023 2:00,27.68,27.4,36
04/09/2023 3:00,27.6525,27.21,38.5
04/09/2023 4:00,27.6625,27.06,34
04/09/2023 5:00,27.72,26.5,36
04/09/2023 6:00,27.7975,26.32,39
04/09/2023 7:00,27.8375,26.07,36
04/09/2023 8:00,27.835,26.13,41
04/09/2023 9:00,27.845,26.32,40
04/09/2023 10:00,27.875,26.33,36
04/09/2023 11:00,27.95,27.03,36
04/09/2023 12:00,28.09,27.76,36
04/09/2023 13:00,28.38,28.4,33
04/09/2023 14:00,28.505,28.63,34.5
04/09/2023 15:00,28.8825,28.38,36
04/09/2023 16:00,29.0425,27.85,35
04/09/2023 17:00,29.2175,27.81,36
04/09/2023 18:00,29.3125,27.35,35
04/09/2023 19:00,29.4175,26.67,37
04/09/2023 20:00,29.7725,26.16,36
04/09/2023 21:00,29.32,25.82,39
04/09/2023 22:00,29.21,25.51,40
04/09/2023 23:00,29.1975,25.7,36
05/09/2023 0:00,29.09,25.62,37
05/09/2023 1:00,29.01,24.77,39
05/09/2023 2:00,28.97,24.31,47
05/09/2023 3:00,28.8975,24.21,35
05/09/2023 4:00,28.8825,24.01,37
05/09/2023 5:00,28.87,23.97,40
05/09/2023 6:00,28.94,24.1,40
05/09/2023 7:00,28.85,24.13,40
05/09/2023 8:00,28.815,24.18,37
05/09/2023 9:00,28.8075,25.16,38
05/09/2023 10:00,28.93,27.31,33
05/09/2023 11:00,29.1225,29.31,40
05/09/2023 12:00,29.4025,29.6,36
05/09/2023 13:00,29.62,28.55,36
05/09/2023 14:00,29.81,28.09,38
05/09/2023 15:00,30.0425,28.19,35
05/09/2023 16:00,30.255,28.06,36
05/09/2023 17:00,30.385,27.92,36
05/09/2023 18:00,30.44,27.87,36
05/09/2023 19:00,30.375,27.42,45
05/09/2023 20:00,30.2875,27.06,36
05/09/2023 21:00,30.1625,26.87,35
05/09/2023 22:00,30.065,26.79,36
05/09/2023 23:00,29.935,26.62,35
06/09/2023 0:00,29.91,26.55,35
06/09/2023 1:00,29.79,26.49,38
06/09/2023 2:00,29.68,26.32,36
06/09/2023 3:00,29.6725,26.16,37
06/09/2023 4:00,29.58,26.06,36.5
06/09/2023 5:00,29.4475,26.19,36
06/09/2023 6:00,29.285,26.13,37
06/09/2023 7:00,29.15,25.92,36
06/09/2023 8:00,29.055,25.97,35
06/09/2023 9:00,28.9825,26.44,36
06/09/2023 10:00,29.0675,27.15,38
06/09/2023 11:00,29.1325,27.02,36
06/09/2023 12:00,29.36,27.38,35
06/09/2023 13:00,29.605,27.2,35
06/09/2023 14:00,29.8475,27.58,35
06/09/2023 15:00,30.135,27.55,40
06/09/2023 16:00,30.3225,27.44,35
06/09/2023 17:00,30.425,27.25,35
06/09/2023 18:00,30.4925,26.99,35
06/09/2023 19:00,30.4225,26.5,35
06/09/2023 20:00,30.2325,26.05,35
06/09/2023 21:00,30.0875,25.89,36
06/09/2023 22:00,29.98,25.86,36
06/09/2023 23:00,29.9275,25.83,36
07/09/2023 0:00,29.8875,25.81,40
07/09/2023 1:00,29.905,25.61,38
07/09/2023 2:00,29.8975,24.2,35
07/09/2023 3:00,29.7475,23.53,37
07/09/2023 4:00,29.635,22.93,37
07/09/2023 5:00,29.495,22.55,37
07/09/2023 6:00,29.355,22.29,37
07/09/2023 7:00,29.2475,22.16,37
07/09/2023 8:00,29.1375,22.96,39
07/09/2023 9:00,29.215,24.8,36
07/09/2023 10:00,29.3075,26.15,34
07/09/2023 11:00,29.5425,26.76,38
07/09/2023 12:00,29.725,26.97,35
07/09/2023 13:00,30,27.17,35
07/09/2023 14:00,30.38,27.29,35
07/09/2023 15:00,30.66,27.88,39
07/09/2023 16:00,30.7925,27.75,35
07/09/2023 17:00,30.8025,27.1,35
07/09/2023 18:00,30.865,26.93,35
07/09/2023 19:00,30.7625,26.44,36
07/09/2023 20:00,30.6125,25.81,36
07/09/2023 21:00,30.485,25.53,32
07/09/2023 22:00,30.4,25.3,36
07/09/2023 23:00,30.345,25.06,32
08/09/2023 0:00,30.245,24.82,37
08/09/2023 1:00,30.1375,24.51,36
08/09/2023 2:00,29.9975,23.39,37
08/09/2023 3:00,29.915,22.83,36
08/09/2023 4:00,29.77,22.61,36
08/09/2023 5:00,29.67,22.38,40
08/09/2023 6:00,29.5825,22.32,36
08/09/2023 7:00,29.4825,22.67,38
08/09/2023 8:00,29.47,22.63,36
08/09/2023 9:00,29.5125,24.28,36
08/09/2023 10:00,29.63,26.05,38
08/09/2023 11:00,29.7275,26.64,35
08/09/2023 12:00,30.0625,27.04,35
08/09/2023 13:00,30.41,26.92,35
08/09/2023 14:00,30.7375,26.99,35
08/09/2023 15:00,31.04,27.64,35
08/09/2023 16:00,31.2475,27.37,35
08/09/2023 17:00,31.3625,27.01,35
08/09/2023 18:00,31.3675,26.62,35
08/09/2023 19:00,31.615,26.06,35
08/09/2023 20:00,31.58,25.37,35
08/09/2023 21:00,30.8875,25.11,43
08/09/2023 22:00,30.6825,25.01,36
08/09/2023 23:00,30.4975,24.93,36
09/09/2023 0:00,30.3425,24.86,36
09/09/2023 1:00,30.19,24.77,36
09/09/2023 2:00,30.065,24.7,40
09/09/2023 3:00,30.0425,24.11,36
09/09/2023 4:00,29.845,22.08,37
09/09/2023 5:00,29.5925,21.75,38
09/09/2023 6:00,29.47,21.32,36
09/09/2023 7:00,29.31,21.13,36
09/09/2023 8:00,29.1875,21.75,37
09/09/2023 9:00,29.1475,23.55,36
09/09/2023 10:00,29.3925,25.14,35
09/09/2023 11:00,29.425,26,34
09/09/2023 12:00,29.6675,26.67,38
09/09/2023 13:00,30.555,26.96,43
09/09/2023 14:00,30.565,27.3,35
09/09/2023 15:00,30.6475,26.75,35
09/09/2023 16:00,30.7275,26.75,35
09/09/2023 17:00,30.84,26.59,35
09/09/2023 18:00,30.84,26.38,36
09/09/2023 19:00,30.7325,26.03,35
09/09/2023 20:00,30.5725,25.59,35
09/09/2023 21:00,30.405,25.38,35
09/09/2023 22:00,30.305,25.35,39
09/09/2023 23:00,30.14,25.24,35
10/09/2023 0:00,30.0325,25.22,37
10/09/2023 1:00,30.045,25.16,38
10/09/2023 2:00,29.875,24.26,35
10/09/2023 3:00,29.545,22.68,36
10/09/2023 4:00,29.4625,21.96,36
10/09/2023 5:00,29.39,21.55,36
10/09/2023 6:00,29.2975,21.78,38
10/09/2023 7:00,28.82,21.72,36
10/09/2023 8:00,28.5325,21.83,36
10/09/2023 9:00,28.7625,23.73,35
10/09/2023 10:00,28.905,25.76,41
10/09/2023 11:00,29.15,26.27,36
10/09/2023 12:00,29.2425,26.45,34
10/09/2023 13:00,29.335,26.47,39
10/09/2023 14:00,29.495,26.85,36
10/09/2023 15:00,29.7175,27.38,33
10/09/2023 16:00,29.9425,27.49,36
10/09/2023 17:00,30.0475,27.13,38
10/09/2023 18:00,30.055,26.8,35
10/09/2023 19:00,29.9375,26.22,32
10/09/2023 20:00,29.825,26,35
10/09/2023 21:00,29.68,25.87,35
10/09/2023 22:00,29.5675,25.88,34
10/09/2023 23:00,29.4975,25.78,35
11/09/2023 0:00,29.445,25.7,35
11/09/2023 1:00,29.4175,25.48,37
11/09/2023 2:00,29.3425,25.07,39
11/09/2023 3:00,29.1775,23.64,36
11/09/2023 4:00,29.0725,23.53,35
11/09/2023 5:00,28.855,23.08,35
11/09/2023 6:00,28.42,22.19,35
11/09/2023 7:00,28.425,22.06,35
11/09/2023 8:00,28.33,22.13,36
11/09/2023 9:00,28.405,24.07,35
11/09/2023 10:00,28.4075,25.95,38
11/09/2023 11:00,28.6425,27.05,35
11/09/2023 12:00,28.735,27.29,34
11/09/2023 13:00,29.055,28.52,37
11/09/2023 14:00,29.35,28.37,33
11/09/2023 15:00,29.67,27.68,33
11/09/2023 16:00,29.8675,27.29,33
11/09/2023 17:00,30.0825,27.23,32
11/09/2023 18:00,30.19,26.89,34
11/09/2023 19:00,30.19,26.33,34
11/09/2023 20:00,30.1,25.75,38
11/09/2023 21:00,29.9925,25.56,35
11/09/2023 22:00,29.9075,25.07,38
11/09/2023 23:00,29.8075,24.84,35
12/09/2023 0:00,29.7175,24.5,36
12/09/2023 1:00,29.635,23.86,35
12/09/2023 2:00,29.565,23.71,35
12/09/2023 3:00,29.4775,23.55,35
12/09/2023 4:00,29.3675,23,34.5
12/09/2023 5:00,29.3425,22.92,35
12/09/2023 6:00,29.2725,22.69,37
12/09/2023 7:00,29.1075,22.25,35
12/09/2023 8:00,29.1025,22.55,34
12/09/2023 9:00,29.1725,23.47,35
12/09/2023 10:00,29.2775,25.42,36
12/09/2023 11:00,29.365,26.03,34
12/09/2023 12:00,29.595,27.02,37
12/09/2023 13:00,29.805,27.53,33
12/09/2023 14:00,30.1025,27.56,33
12/09/2023 15:00,30.375,27.69,31
12/09/2023 16:00,30.5875,27.56,37
12/09/2023 17:00,30.745,27.4,34
12/09/2023 18:00,30.75,26.82,37
12/09/2023 19:00,31.16,25.94,34
12/09/2023 20:00,31.5375,25.82,34
12/09/2023 21:00,31.4325,25.31,36
12/09/2023 22:00,31.335,23.93,35
12/09/2023 23:00,31.1775,23.7,35
13/09/2023 0:00,31.0625,24.06,35
