"Time","fondo s2"
2023-01-06 15:30:00,
2023-01-06 16:00:00,
2023-01-06 16:30:00,
2023-01-06 17:00:00,
2023-01-06 17:30:00,
2023-01-06 18:00:00,
2023-01-06 18:30:00,
2023-01-06 19:00:00,17.00
2023-01-06 19:30:00,16.94
2023-01-06 20:00:00,16.90
2023-01-06 20:30:00,16.88
2023-01-06 21:00:00,16.88
2023-01-06 21:30:00,16.88
2023-01-06 22:00:00,16.85
2023-01-06 22:30:00,16.81
2023-01-06 23:00:00,16.79
2023-01-06 23:30:00,16.75
2023-01-07 00:00:00,16.73
2023-01-07 00:30:00,16.71
2023-01-07 01:00:00,16.67
2023-01-07 01:30:00,16.69
2023-01-07 02:00:00,16.67
2023-01-07 02:30:00,16.63
2023-01-07 03:00:00,16.63
2023-01-07 03:30:00,16.63
2023-01-07 04:00:00,16.69
2023-01-07 04:30:00,16.73
2023-01-07 05:00:00,16.69
2023-01-07 05:30:00,16.69
2023-01-07 06:00:00,16.69
2023-01-07 06:30:00,16.65
2023-01-07 07:00:00,16.60
2023-01-07 07:30:00,16.58
2023-01-07 08:00:00,16.63
2023-01-07 08:30:00,16.63
2023-01-07 09:00:00,16.58
2023-01-07 09:30:00,16.52
2023-01-07 10:00:00,16.48
2023-01-07 10:30:00,16.50
2023-01-07 11:00:00,16.44
2023-01-07 11:30:00,16.38
2023-01-07 12:00:00,16.40
2023-01-07 12:30:00,16.46
2023-01-07 13:00:00,16.69
2023-01-07 13:30:00,16.83
2023-01-07 14:00:00,16.85
2023-01-07 14:30:00,16.91
2023-01-07 15:00:00,16.98
2023-01-07 15:30:00,16.94
2023-01-07 16:00:00,16.90
2023-01-07 16:30:00,16.88
2023-01-07 17:00:00,16.81
2023-01-07 17:30:00,16.81
2023-01-07 18:00:00,16.75
2023-01-07 18:30:00,16.71
2023-01-07 19:00:00,16.67
2023-01-07 19:30:00,16.56
2023-01-07 20:00:00,16.56
2023-01-07 20:30:00,16.50
2023-01-07 21:00:00,16.50
2023-01-07 21:30:00,16.50
2023-01-07 22:00:00,16.48
2023-01-07 22:30:00,16.44
2023-01-07 23:00:00,16.40
2023-01-07 23:30:00,16.31
2023-01-08 00:00:00,16.31
2023-01-08 00:30:00,16.33
2023-01-08 01:00:00,16.31
2023-01-08 01:30:00,16.25
2023-01-08 02:00:00,16.19
2023-01-08 02:30:00,16.15
2023-01-08 03:00:00,16.13
2023-01-08 03:30:00,16.15
2023-01-08 04:00:00,16.15
2023-01-08 04:30:00,16.13
2023-01-08 05:00:00,16.06
2023-01-08 05:30:00,15.97
2023-01-08 06:00:00,16.02
2023-01-08 06:30:00,16.00
2023-01-08 07:00:00,15.94
2023-01-08 07:30:00,15.94
2023-01-08 08:00:00,15.94
2023-01-08 08:30:00,15.96
2023-01-08 09:00:00,15.98
2023-01-08 09:30:00,15.94
2023-01-08 10:00:00,16.00
2023-01-08 10:30:00,16.04
2023-01-08 11:00:00,16.13
2023-01-08 11:30:00,16.17
2023-01-08 12:00:00,16.19
2023-01-08 12:30:00,16.23
2023-01-08 13:00:00,16.15
2023-01-08 13:30:00,16.06
2023-01-08 14:00:00,16.06
2023-01-08 14:30:00,16.09
2023-01-08 15:00:00,16.15
2023-01-08 15:30:00,16.21
2023-01-08 16:00:00,16.08
2023-01-08 16:30:00,16.13
2023-01-08 17:00:00,15.94
2023-01-08 17:30:00,15.92
2023-01-08 18:00:00,15.98
2023-01-08 18:30:00,15.94
2023-01-08 19:00:00,16.00
2023-01-08 19:30:00,15.94
2023-01-08 20:00:00,15.77
2023-01-08 20:30:00,15.96
2023-01-08 21:00:00,15.77
2023-01-08 21:30:00,15.75
2023-01-08 22:00:00,15.90
2023-01-08 22:30:00,15.96
2023-01-08 23:00:00,15.92
2023-01-08 23:30:00,15.90
2023-01-09 00:00:00,15.88
2023-01-09 00:30:00,15.90
2023-01-09 01:00:00,15.90
2023-01-09 01:30:00,15.94
2023-01-09 02:00:00,15.88
2023-01-09 02:30:00,15.83
2023-01-09 03:00:00,15.88
2023-01-09 03:30:00,15.98
2023-01-09 04:00:00,15.94
2023-01-09 04:30:00,15.94
2023-01-09 05:00:00,15.94
2023-01-09 05:30:00,15.94
2023-01-09 06:00:00,15.94
2023-01-09 06:30:00,15.94
2023-01-09 07:00:00,15.88
2023-01-09 07:30:00,15.81
2023-01-09 08:00:00,15.79
2023-01-09 08:30:00,15.75
2023-01-09 09:00:00,15.79
2023-01-09 09:30:00,15.79
2023-01-09 10:00:00,15.81
2023-01-09 10:30:00,15.90
2023-01-09 11:00:00,15.67
2023-01-09 11:30:00,15.52
2023-01-09 12:00:00,15.54
2023-01-09 12:30:00,15.58
2023-01-09 13:00:00,15.63
2023-01-09 13:30:00,15.83
2023-01-09 14:00:00,15.98
2023-01-09 14:30:00,16.05
2023-01-09 15:00:00,16.13
2023-01-09 15:30:00,16.21
2023-01-09 16:00:00,16.25
2023-01-09 16:30:00,16.31
2023-01-09 17:00:00,16.29
2023-01-09 17:30:00,16.29
2023-01-09 18:00:00,16.31
2023-01-09 18:30:00,16.31
2023-01-09 19:00:00,16.27
2023-01-09 19:30:00,16.33
2023-01-09 20:00:00,16.33
2023-01-09 20:30:00,16.54
2023-01-09 21:00:00,16.42
2023-01-09 21:30:00,16.19
2023-01-09 22:00:00,16.31
2023-01-09 22:30:00,16.38
2023-01-09 23:00:00,16.33
2023-01-09 23:30:00,15.88
2023-01-10 00:00:00,15.85
2023-01-10 00:30:00,15.81
2023-01-10 01:00:00,15.79
2023-01-10 01:30:00,15.75
2023-01-10 02:00:00,15.69
2023-01-10 02:30:00,15.67
2023-01-10 03:00:00,15.63
2023-01-10 03:30:00,15.60
2023-01-10 04:00:00,15.56
2023-01-10 04:30:00,15.54
2023-01-10 05:00:00,15.50
2023-01-10 05:30:00,15.46
2023-01-10 06:00:00,15.44
2023-01-10 06:30:00,15.44
2023-01-10 07:00:00,15.42
2023-01-10 07:30:00,15.38
2023-01-10 08:00:00,15.38
2023-01-10 08:30:00,15.38
2023-01-10 09:00:00,15.42
2023-01-10 09:30:00,15.44
2023-01-10 10:00:00,15.48
2023-01-10 10:30:00,15.54
2023-01-10 11:00:00,15.58
2023-01-10 11:30:00,15.67
2023-01-10 12:00:00,15.85
2023-01-10 12:30:00,15.97
2023-01-10 13:00:00,16.04
2023-01-10 13:30:00,16.10
2023-01-10 14:00:00,16.06
2023-01-10 14:30:00,16.19
2023-01-10 15:00:00,16.34
2023-01-10 15:30:00,16.35
2023-01-10 16:00:00,16.38
2023-01-10 16:30:00,16.38
2023-01-10 17:00:00,16.35
2023-01-10 17:30:00,16.33
2023-01-10 18:00:00,16.31
2023-01-10 18:30:00,16.29
2023-01-10 19:00:00,16.27
2023-01-10 19:30:00,16.25
2023-01-10 20:00:00,16.21
2023-01-10 20:30:00,16.21
2023-01-10 21:00:00,16.25
2023-01-10 21:30:00,16.25
2023-01-10 22:00:00,16.19
2023-01-10 22:30:00,16.17
2023-01-10 23:00:00,16.15
2023-01-10 23:30:00,16.15
2023-01-11 00:00:00,16.13
2023-01-11 00:30:00,16.10
2023-01-11 01:00:00,16.10
2023-01-11 01:30:00,16.06
2023-01-11 02:00:00,16.02
2023-01-11 02:30:00,15.94
2023-01-11 03:00:00,15.94
2023-01-11 03:30:00,15.94
2023-01-11 04:00:00,15.94
2023-01-11 04:30:00,15.94
2023-01-11 05:00:00,15.94
2023-01-11 05:30:00,15.96
2023-01-11 06:00:00,16.00
2023-01-11 06:30:00,15.98
2023-01-11 07:00:00,15.97
2023-01-11 07:30:00,16.00
2023-01-11 08:00:00,16.00
2023-01-11 08:30:00,16.00
2023-01-11 09:00:00,16.00
2023-01-11 09:30:00,15.96
2023-01-11 10:00:00,15.94
2023-01-11 10:30:00,16.00
2023-01-11 11:00:00,16.06
2023-01-11 11:30:00,16.13
2023-01-11 12:00:00,16.00
2023-01-11 12:30:00,15.92
2023-01-11 13:00:00,15.94
2023-01-11 13:30:00,16.01
2023-01-11 14:00:00,16.10
2023-01-11 14:30:00,16.21
2023-01-11 15:00:00,16.27
2023-01-11 15:30:00,16.42
2023-01-11 16:00:00,16.52
2023-01-11 16:30:00,16.38
2023-01-11 17:00:00,16.33
2023-01-11 17:30:00,16.42
2023-01-11 18:00:00,16.33
2023-01-11 18:30:00,16.21
2023-01-11 19:00:00,16.15
2023-01-11 19:30:00,16.08
2023-01-11 20:00:00,16.02
2023-01-11 20:30:00,15.96
2023-01-11 21:00:00,15.92
2023-01-11 21:30:00,15.81
2023-01-11 22:00:00,15.88
2023-01-11 22:30:00,15.90
2023-01-11 23:00:00,15.90
2023-01-11 23:30:00,15.81
2023-01-12 00:00:00,15.81
2023-01-12 00:30:00,15.77
2023-01-12 01:00:00,15.75
2023-01-12 01:30:00,15.73
2023-01-12 02:00:00,15.69
2023-01-12 02:30:00,15.69
2023-01-12 03:00:00,15.63
2023-01-12 03:30:00,15.58
2023-01-12 04:00:00,15.56
2023-01-12 04:30:00,15.56
2023-01-12 05:00:00,15.56
2023-01-12 05:30:00,15.54
2023-01-12 06:00:00,15.50
2023-01-12 06:30:00,15.46
2023-01-12 07:00:00,15.44
2023-01-12 07:30:00,15.40
2023-01-12 08:00:00,15.38
2023-01-12 08:30:00,15.19
2023-01-12 09:00:00,15.23
2023-01-12 09:30:00,15.29
2023-01-12 10:00:00,15.33
2023-01-12 10:30:00,15.35
2023-01-12 11:00:00,15.46
2023-01-12 11:30:00,15.54
2023-01-12 12:00:00,15.65
2023-01-12 12:30:00,15.75
2023-01-12 13:00:00,15.83
2023-01-12 13:30:00,15.92
2023-01-12 14:00:00,15.98
2023-01-12 14:30:00,16.06
2023-01-12 15:00:00,16.08
2023-01-12 15:30:00,16.06
2023-01-12 16:00:00,16.10
2023-01-12 16:30:00,16.15
2023-01-12 17:00:00,16.25
2023-01-12 17:30:00,16.29
2023-01-12 18:00:00,16.33
2023-01-12 18:30:00,16.38
2023-01-12 19:00:00,16.38
2023-01-12 19:30:00,16.38
2023-01-12 20:00:00,16.38
2023-01-12 20:30:00,16.38
2023-01-12 21:00:00,16.38
2023-01-12 21:30:00,16.38
2023-01-12 22:00:00,16.38
2023-01-12 22:30:00,16.38
2023-01-12 23:00:00,16.38
2023-01-12 23:30:00,16.40
2023-01-13 00:00:00,16.42
2023-01-13 00:30:00,16.42
2023-01-13 01:00:00,16.40
2023-01-13 01:30:00,16.44
2023-01-13 02:00:00,16.44
2023-01-13 02:30:00,16.44
2023-01-13 03:00:00,16.44
2023-01-13 03:30:00,16.44
2023-01-13 04:00:00,16.44
2023-01-13 04:30:00,16.33
2023-01-13 05:00:00,16.27
2023-01-13 05:30:00,16.02
2023-01-13 06:00:00,15.75
2023-01-13 06:30:00,15.67
2023-01-13 07:00:00,15.63
2023-01-13 07:30:00,15.58
2023-01-13 08:00:00,15.75
2023-01-13 08:30:00,15.81
2023-01-13 09:00:00,15.85
2023-01-13 09:30:00,15.92
2023-01-13 10:00:00,15.75
2023-01-13 10:30:00,15.69
2023-01-13 11:00:00,15.63
2023-01-13 11:30:00,15.73
2023-01-13 12:00:00,15.58
2023-01-13 12:30:00,15.60
2023-01-13 13:00:00,15.73
2023-01-13 13:30:00,15.83
2023-01-13 14:00:00,15.94
2023-01-13 14:30:00,16.03
2023-01-13 15:00:00,16.17
2023-01-13 15:30:00,16.13
2023-01-13 16:00:00,16.08
2023-01-13 16:30:00,16.13
2023-01-13 17:00:00,16.10
2023-01-13 17:30:00,16.06
2023-01-13 18:00:00,16.04
2023-01-13 18:30:00,16.00
2023-01-13 19:00:00,16.00
2023-01-13 19:30:00,15.96
2023-01-13 20:00:00,15.92
2023-01-13 20:30:00,15.88
2023-01-13 21:00:00,15.88
2023-01-13 21:30:00,15.83
2023-01-13 22:00:00,15.81
2023-01-13 22:30:00,15.79
2023-01-13 23:00:00,15.75
2023-01-13 23:30:00,15.73
2023-01-14 00:00:00,15.73
2023-01-14 00:30:00,15.73
2023-01-14 01:00:00,15.63
2023-01-14 01:30:00,15.54
2023-01-14 02:00:00,15.50
2023-01-14 02:30:00,15.46
2023-01-14 03:00:00,15.42
2023-01-14 03:30:00,15.40
2023-01-14 04:00:00,15.35
2023-01-14 04:30:00,15.31
2023-01-14 05:00:00,15.29
2023-01-14 05:30:00,15.27
2023-01-14 06:00:00,15.23
2023-01-14 06:30:00,15.19
2023-01-14 07:00:00,15.19
2023-01-14 07:30:00,15.13
2023-01-14 08:00:00,15.13
2023-01-14 08:30:00,15.06
2023-01-14 09:00:00,15.02
2023-01-14 09:30:00,15.04
2023-01-14 10:00:00,15.06
2023-01-14 10:30:00,15.10
2023-01-14 11:00:00,15.15
2023-01-14 11:30:00,15.27
2023-01-14 12:00:00,15.29
2023-01-14 12:30:00,15.40
2023-01-14 13:00:00,15.48
2023-01-14 13:30:00,15.56
2023-01-14 14:00:00,15.63
2023-01-14 14:30:00,15.69
2023-01-14 15:00:00,15.75
2023-01-14 15:30:00,15.79
2023-01-14 16:00:00,15.85
2023-01-14 16:30:00,15.92
2023-01-14 17:00:00,15.90
2023-01-14 17:30:00,15.85
2023-01-14 18:00:00,15.81
2023-01-14 18:30:00,15.77
2023-01-14 19:00:00,15.75
2023-01-14 19:30:00,15.71
2023-01-14 20:00:00,15.67
2023-01-14 20:30:00,15.63
2023-01-14 21:00:00,15.58
2023-01-14 21:30:00,15.56
2023-01-14 22:00:00,15.50
2023-01-14 22:30:00,15.52
2023-01-14 23:00:00,15.46
2023-01-14 23:30:00,15.40
2023-01-15 00:00:00,15.38
2023-01-15 00:30:00,15.38
2023-01-15 01:00:00,15.31
2023-01-15 01:30:00,15.29
2023-01-15 02:00:00,15.25
2023-01-15 02:30:00,15.25
2023-01-15 03:00:00,15.21
2023-01-15 03:30:00,15.17
2023-01-15 04:00:00,15.13
2023-01-15 04:30:00,15.06
2023-01-15 05:00:00,15.02
2023-01-15 05:30:00,15.00
2023-01-15 06:00:00,14.98
2023-01-15 06:30:00,14.94
2023-01-15 07:00:00,14.94
2023-01-15 07:30:00,14.90
2023-01-15 08:00:00,14.88
2023-01-15 08:30:00,14.81
2023-01-15 09:00:00,14.79
2023-01-15 09:30:00,14.81
2023-01-15 10:00:00,14.81
2023-01-15 10:30:00,14.88
2023-01-15 11:00:00,14.94
2023-01-15 11:30:00,15.02
2023-01-15 12:00:00,15.08
2023-01-15 12:30:00,15.19
2023-01-15 13:00:00,15.27
2023-01-15 13:30:00,15.40
2023-01-15 14:00:00,15.52
2023-01-15 14:30:00,15.67
2023-01-15 15:00:00,15.72
2023-01-15 15:30:00,15.81
2023-01-15 16:00:00,15.77
2023-01-15 16:30:00,15.79
2023-01-15 17:00:00,15.75
2023-01-15 17:30:00,15.75
2023-01-15 18:00:00,15.73
2023-01-15 18:30:00,15.69
2023-01-15 19:00:00,15.69
2023-01-15 19:30:00,15.73
2023-01-15 20:00:00,15.69
2023-01-15 20:30:00,15.60
2023-01-15 21:00:00,15.50
2023-01-15 21:30:00,15.50
2023-01-15 22:00:00,15.65
2023-01-15 22:30:00,15.58
2023-01-15 23:00:00,15.50
2023-01-15 23:30:00,15.33
2023-01-16 00:00:00,15.29
2023-01-16 00:30:00,15.25
2023-01-16 01:00:00,15.19
2023-01-16 01:30:00,15.17
2023-01-16 02:00:00,15.10
2023-01-16 02:30:00,15.06
2023-01-16 03:00:00,15.06
2023-01-16 03:30:00,15.00
2023-01-16 04:00:00,15.00
2023-01-16 04:30:00,14.98
2023-01-16 05:00:00,14.94
2023-01-16 05:30:00,14.88
2023-01-16 06:00:00,14.83
2023-01-16 06:30:00,14.81
2023-01-16 07:00:00,14.75
2023-01-16 07:30:00,14.75
2023-01-16 08:00:00,14.75
2023-01-16 08:30:00,14.63
2023-01-16 09:00:00,14.58
2023-01-16 09:30:00,14.56
2023-01-16 10:00:00,14.50
2023-01-16 10:30:00,14.50
2023-01-16 11:00:00,14.54
2023-01-16 11:30:00,14.63
2023-01-16 12:00:00,14.63
2023-01-16 12:30:00,14.69
2023-01-16 13:00:00,14.77
2023-01-16 13:30:00,14.83
2023-01-16 14:00:00,14.92
2023-01-16 14:30:00,14.98
2023-01-16 15:00:00,15.00
2023-01-16 15:30:00,15.13
2023-01-16 16:00:00,15.06
2023-01-16 16:30:00,15.06
2023-01-16 17:00:00,15.06
2023-01-16 17:30:00,15.00
2023-01-16 18:00:00,15.00
2023-01-16 18:30:00,15.00
2023-01-16 19:00:00,14.98
2023-01-16 19:30:00,14.90
2023-01-16 20:00:00,14.85
2023-01-16 20:30:00,14.81
2023-01-16 21:00:00,14.77
2023-01-16 21:30:00,14.75
2023-01-16 22:00:00,14.81
2023-01-16 22:30:00,14.92
2023-01-16 23:00:00,14.94
2023-01-16 23:30:00,14.88
2023-01-17 00:00:00,14.69
2023-01-17 00:30:00,14.75
2023-01-17 01:00:00,14.58
2023-01-17 01:30:00,14.73
2023-01-17 02:00:00,14.67
2023-01-17 02:30:00,14.81
2023-01-17 03:00:00,14.94
2023-01-17 03:30:00,14.69
2023-01-17 04:00:00,14.46
2023-01-17 04:30:00,14.40
2023-01-17 05:00:00,14.40
2023-01-17 05:30:00,14.52
2023-01-17 06:00:00,14.50
2023-01-17 06:30:00,14.38
2023-01-17 07:00:00,14.60
2023-01-17 07:30:00,14.69
2023-01-17 08:00:00,14.10
2023-01-17 08:30:00,14.17
2023-01-17 09:00:00,14.17
2023-01-17 09:30:00,14.56
2023-01-17 10:00:00,14.73
2023-01-17 10:30:00,14.78
2023-01-17 11:00:00,14.63
2023-01-17 11:30:00,14.40
2023-01-17 12:00:00,14.63
2023-01-17 12:30:00,14.75
2023-01-17 13:00:00,14.81
2023-01-17 13:30:00,14.85
2023-01-17 14:00:00,14.94
2023-01-17 14:30:00,14.98
2023-01-17 15:00:00,15.03
2023-01-17 15:30:00,15.06
2023-01-17 16:00:00,15.10
2023-01-17 16:30:00,15.13
2023-01-17 17:00:00,15.13
2023-01-17 17:30:00,15.06
2023-01-17 18:00:00,15.00
2023-01-17 18:30:00,14.96
2023-01-17 19:00:00,14.92
2023-01-17 19:30:00,14.98
2023-01-17 20:00:00,15.25
2023-01-17 20:30:00,15.38
2023-01-17 21:00:00,15.33
2023-01-17 21:30:00,14.98
2023-01-17 22:00:00,14.88
2023-01-17 22:30:00,14.98
2023-01-17 23:00:00,15.00
2023-01-17 23:30:00,14.79
2023-01-18 00:00:00,14.54
2023-01-18 00:30:00,14.75
2023-01-18 01:00:00,14.42
2023-01-18 01:30:00,14.35
2023-01-18 02:00:00,14.29
2023-01-18 02:30:00,14.29
2023-01-18 03:00:00,14.23
2023-01-18 03:30:00,14.17
2023-01-18 04:00:00,14.23
2023-01-18 04:30:00,14.16
2023-01-18 05:00:00,14.00
2023-01-18 05:30:00,13.94
2023-01-18 06:00:00,13.90
2023-01-18 06:30:00,13.79
2023-01-18 07:00:00,13.67
2023-01-18 07:30:00,13.58
2023-01-18 08:00:00,13.48
2023-01-18 08:30:00,13.35
2023-01-18 09:00:00,13.33
2023-01-18 09:30:00,13.27
2023-01-18 10:00:00,13.25
2023-01-18 10:30:00,13.19
2023-01-18 11:00:00,13.19
2023-01-18 11:30:00,13.17
2023-01-18 12:00:00,13.15
2023-01-18 12:30:00,13.13
2023-01-18 13:00:00,13.13
2023-01-18 13:30:00,13.19
2023-01-18 14:00:00,13.21
2023-01-18 14:30:00,13.13
2023-01-18 15:00:00,13.09
2023-01-18 15:30:00,13.06
2023-01-18 16:00:00,13.06
2023-01-18 16:30:00,13.06
2023-01-18 17:00:00,13.00
2023-01-18 17:30:00,12.96
2023-01-18 18:00:00,12.85
2023-01-18 18:30:00,12.79
2023-01-18 19:00:00,12.69
2023-01-18 19:30:00,12.58
2023-01-18 20:00:00,12.52
2023-01-18 20:30:00,12.65
2023-01-18 21:00:00,12.94
2023-01-18 21:30:00,13.02
2023-01-18 22:00:00,12.90
2023-01-18 22:30:00,12.91
2023-01-18 23:00:00,12.52
2023-01-18 23:30:00,12.29
2023-01-19 00:00:00,12.10
2023-01-19 00:30:00,12.02
2023-01-19 01:00:00,11.98
2023-01-19 01:30:00,11.90
2023-01-19 02:00:00,11.75
2023-01-19 02:30:00,11.65
2023-01-19 03:00:00,11.56
2023-01-19 03:30:00,11.50
2023-01-19 04:00:00,11.44
2023-01-19 04:30:00,11.35
2023-01-19 05:00:00,11.29
2023-01-19 05:30:00,11.23
2023-01-19 06:00:00,11.13
2023-01-19 06:30:00,11.04
2023-01-19 07:00:00,10.96
2023-01-19 07:30:00,10.75
2023-01-19 08:00:00,10.65
2023-01-19 08:30:00,10.56
2023-01-19 09:00:00,10.56
2023-01-19 09:30:00,10.50
2023-01-19 10:00:00,10.56
2023-01-19 10:30:00,10.71
2023-01-19 11:00:00,10.88
2023-01-19 11:30:00,10.90
2023-01-19 12:00:00,10.92
2023-01-19 12:30:00,11.02
2023-01-19 13:00:00,11.06
2023-01-19 13:30:00,11.21
2023-01-19 14:00:00,11.33
2023-01-19 14:30:00,11.40
2023-01-19 15:00:00,11.38
2023-01-19 15:30:00,11.38
2023-01-19 16:00:00,11.38
2023-01-19 16:30:00,11.46
2023-01-19 17:00:00,11.42
2023-01-19 17:30:00,11.50
2023-01-19 18:00:00,11.44
2023-01-19 18:30:00,11.38
2023-01-19 19:00:00,11.58
2023-01-19 19:30:00,11.31
2023-01-19 20:00:00,11.65
2023-01-19 20:30:00,11.65
2023-01-19 21:00:00,11.56
2023-01-19 21:30:00,11.46
2023-01-19 22:00:00,11.73
2023-01-19 22:30:00,11.50
2023-01-19 23:00:00,11.63
2023-01-19 23:30:00,11.58
2023-01-20 00:00:00,11.52
2023-01-20 00:30:00,11.54
2023-01-20 01:00:00,11.54
2023-01-20 01:30:00,11.58
2023-01-20 02:00:00,11.65
2023-01-20 02:30:00,11.25
2023-01-20 03:00:00,11.25
2023-01-20 03:30:00,11.13
2023-01-20 04:00:00,11.06
2023-01-20 04:30:00,10.94
2023-01-20 05:00:00,10.90
2023-01-20 05:30:00,10.75
2023-01-20 06:00:00,10.75
2023-01-20 06:30:00,10.73
2023-01-20 07:00:00,10.75
2023-01-20 07:30:00,10.79
2023-01-20 08:00:00,10.71
2023-01-20 08:30:00,10.79
2023-01-20 09:00:00,10.81
2023-01-20 09:30:00,10.88
2023-01-20 10:00:00,10.77
2023-01-20 10:30:00,10.85
2023-01-20 11:00:00,10.96
2023-01-20 11:30:00,11.06
2023-01-20 12:00:00,11.19
2023-01-20 12:30:00,11.29
2023-01-20 13:00:00,11.42
2023-01-20 13:30:00,11.54
2023-01-20 14:00:00,11.69
2023-01-20 14:30:00,11.81
2023-01-20 15:00:00,11.92
2023-01-20 15:30:00,11.98
2023-01-20 16:00:00,12.08
2023-01-20 16:30:00,12.13
2023-01-20 17:00:00,12.13
2023-01-20 17:30:00,12.13
2023-01-20 18:00:00,12.13
2023-01-20 18:30:00,12.15
2023-01-20 19:00:00,12.19
2023-01-20 19:30:00,12.27
2023-01-20 20:00:00,12.25
2023-01-20 20:30:00,12.25
2023-01-20 21:00:00,12.23
2023-01-20 21:30:00,12.17
2023-01-20 22:00:00,12.10
2023-01-20 22:30:00,12.06
2023-01-20 23:00:00,12.13
2023-01-20 23:30:00,12.06
2023-01-21 00:00:00,12.10
2023-01-21 00:30:00,12.10
2023-01-21 01:00:00,12.10
2023-01-21 01:30:00,12.13
2023-01-21 02:00:00,12.13
2023-01-21 02:30:00,12.10
2023-01-21 03:00:00,12.02
2023-01-21 03:30:00,11.98
2023-01-21 04:00:00,11.92
2023-01-21 04:30:00,11.88
2023-01-21 05:00:00,11.79
2023-01-21 05:30:00,11.81
2023-01-21 06:00:00,11.69
2023-01-21 06:30:00,11.63
2023-01-21 07:00:00,11.56
2023-01-21 07:30:00,11.54
2023-01-21 08:00:00,11.50
2023-01-21 08:30:00,11.50
2023-01-21 09:00:00,11.50
2023-01-21 09:30:00,11.52
2023-01-21 10:00:00,11.56
2023-01-21 10:30:00,11.63
2023-01-21 11:00:00,11.73
2023-01-21 11:30:00,11.83
2023-01-21 12:00:00,11.92
2023-01-21 12:30:00,12.04
2023-01-21 13:00:00,12.13
2023-01-21 13:30:00,12.25
2023-01-21 14:00:00,12.35
2023-01-21 14:30:00,12.46
2023-01-21 15:00:00,12.50
2023-01-21 15:30:00,12.56
2023-01-21 16:00:00,12.60
2023-01-21 16:30:00,12.63
2023-01-21 17:00:00,12.63
2023-01-21 17:30:00,12.60
2023-01-21 18:00:00,12.56
2023-01-21 18:30:00,12.56
2023-01-21 19:00:00,12.63
2023-01-21 19:30:00,12.63
2023-01-21 20:00:00,12.58
2023-01-21 20:30:00,12.58
2023-01-21 21:00:00,12.56
2023-01-21 21:30:00,12.50
2023-01-21 22:00:00,12.44
2023-01-21 22:30:00,12.31
2023-01-21 23:00:00,12.15
2023-01-21 23:30:00,12.10
2023-01-22 00:00:00,12.06
2023-01-22 00:30:00,12.00
2023-01-22 01:00:00,11.96
2023-01-22 01:30:00,11.90
2023-01-22 02:00:00,11.81
2023-01-22 02:30:00,11.73
2023-01-22 03:00:00,11.67
2023-01-22 03:30:00,11.58
2023-01-22 04:00:00,11.50
2023-01-22 04:30:00,11.42
2023-01-22 05:00:00,11.38
2023-01-22 05:30:00,11.29
2023-01-22 06:00:00,11.23
2023-01-22 06:30:00,11.17
2023-01-22 07:00:00,11.13
2023-01-22 07:30:00,11.06
2023-01-22 08:00:00,11.04
2023-01-22 08:30:00,10.94
2023-01-22 09:00:00,10.83
2023-01-22 09:30:00,10.81
2023-01-22 10:00:00,10.81
2023-01-22 10:30:00,10.83
2023-01-22 11:00:00,10.88
2023-01-22 11:30:00,10.98
2023-01-22 12:00:00,11.10
2023-01-22 12:30:00,11.33
2023-01-22 13:00:00,11.52
2023-01-22 13:30:00,11.71
2023-01-22 14:00:00,11.73
2023-01-22 14:30:00,11.81
2023-01-22 15:00:00,11.77
2023-01-22 15:30:00,11.69
2023-01-22 16:00:00,11.71
2023-01-22 16:30:00,11.77
2023-01-22 17:00:00,11.81
2023-01-22 17:30:00,11.77
2023-01-22 18:00:00,11.69
2023-01-22 18:30:00,11.63
2023-01-22 19:00:00,11.63
2023-01-22 19:30:00,11.56
2023-01-22 20:00:00,11.50
2023-01-22 20:30:00,11.46
2023-01-22 21:00:00,11.42
2023-01-22 21:30:00,11.35
2023-01-22 22:00:00,11.31
2023-01-22 22:30:00,11.29
2023-01-22 23:00:00,11.21
2023-01-22 23:30:00,11.19
2023-01-23 00:00:00,11.15
2023-01-23 00:30:00,11.08
2023-01-23 01:00:00,11.04
2023-01-23 01:30:00,11.02
2023-01-23 02:00:00,10.92
2023-01-23 02:30:00,10.88
2023-01-23 03:00:00,10.83
2023-01-23 03:30:00,10.77
2023-01-23 04:00:00,10.73
2023-01-23 04:30:00,10.67
2023-01-23 05:00:00,10.63
2023-01-23 05:30:00,10.63
2023-01-23 06:00:00,10.56
2023-01-23 06:30:00,10.50
2023-01-23 07:00:00,10.46
2023-01-23 07:30:00,10.40
2023-01-23 08:00:00,10.33
2023-01-23 08:30:00,10.29
2023-01-23 09:00:00,10.31
2023-01-23 09:30:00,10.29
2023-01-23 10:00:00,10.31
2023-01-23 10:30:00,10.33
2023-01-23 11:00:00,10.38
2023-01-23 11:30:00,10.42
2023-01-23 12:00:00,10.56
2023-01-23 12:30:00,10.71
2023-01-23 13:00:00,10.85
2023-01-23 13:30:00,10.94
2023-01-23 14:00:00,11.08
2023-01-23 14:30:00,11.06
2023-01-23 15:00:00,11.02
2023-01-23 15:30:00,11.19
2023-01-23 16:00:00,11.25
2023-01-23 16:30:00,11.25
2023-01-23 17:00:00,11.25
2023-01-23 17:30:00,11.17
2023-01-23 18:00:00,11.13
2023-01-23 18:30:00,11.10
2023-01-23 19:00:00,11.06
2023-01-23 19:30:00,11.04
2023-01-23 20:00:00,11.00
2023-01-23 20:30:00,10.94
2023-01-23 21:00:00,10.88
2023-01-23 21:30:00,10.83
2023-01-23 22:00:00,10.81
2023-01-23 22:30:00,10.81
2023-01-23 23:00:00,10.79
2023-01-23 23:30:00,10.77
2023-01-24 00:00:00,10.71
2023-01-24 00:30:00,10.69
2023-01-24 01:00:00,10.63
2023-01-24 01:30:00,10.63
2023-01-24 02:00:00,10.60
2023-01-24 02:30:00,10.56
2023-01-24 03:00:00,10.54
2023-01-24 03:30:00,10.52
2023-01-24 04:00:00,10.63
2023-01-24 04:30:00,10.52
2023-01-24 05:00:00,10.44
2023-01-24 05:30:00,10.42
2023-01-24 06:00:00,10.58
2023-01-24 06:30:00,10.88
2023-01-24 07:00:00,10.81
2023-01-24 07:30:00,10.81
2023-01-24 08:00:00,10.84
2023-01-24 08:30:00,10.88
2023-01-24 09:00:00,10.77
2023-01-24 09:30:00,10.40
2023-01-24 10:00:00,10.31
2023-01-24 10:30:00,10.31
2023-01-24 11:00:00,10.38
2023-01-24 11:30:00,10.46
2023-01-24 12:00:00,10.50
2023-01-24 12:30:00,10.52
2023-01-24 13:00:00,10.40
2023-01-24 13:30:00,10.29
2023-01-24 14:00:00,10.31
2023-01-24 14:30:00,10.31
2023-01-24 15:00:00,10.31
2023-01-24 15:30:00,10.33
2023-01-24 16:00:00,10.38
2023-01-24 16:30:00,10.40
2023-01-24 17:00:00,10.44
2023-01-24 17:30:00,10.40
2023-01-24 18:00:00,10.31
2023-01-24 18:30:00,10.29
2023-01-24 19:00:00,10.25
2023-01-24 19:30:00,10.25
2023-01-24 20:00:00,10.25
2023-01-24 20:30:00,10.25
2023-01-24 21:00:00,10.19
2023-01-24 21:30:00,10.29
2023-01-24 22:00:00,10.25
2023-01-24 22:30:00,10.15
2023-01-24 23:00:00,10.04
2023-01-24 23:30:00,10.00
2023-01-25 00:00:00,9.96
2023-01-25 00:30:00,9.92
2023-01-25 01:00:00,9.88
2023-01-25 01:30:00,9.83
2023-01-25 02:00:00,9.77
2023-01-25 02:30:00,9.75
2023-01-25 03:00:00,9.67
2023-01-25 03:30:00,9.67
2023-01-25 04:00:00,9.63
2023-01-25 04:30:00,9.63
2023-01-25 05:00:00,9.56
2023-01-25 05:30:00,9.52
2023-01-25 06:00:00,9.52
2023-01-25 06:30:00,9.52
2023-01-25 07:00:00,9.50
2023-01-25 07:30:00,9.50
2023-01-25 08:00:00,9.50
2023-01-25 08:30:00,9.50
2023-01-25 09:00:00,9.50
2023-01-25 09:30:00,9.48
2023-01-25 10:00:00,9.48
2023-01-25 10:30:00,9.40
2023-01-25 11:00:00,9.29
2023-01-25 11:30:00,9.13
2023-01-25 12:00:00,9.21
2023-01-25 12:30:00,9.29
2023-01-25 13:00:00,9.40
2023-01-25 13:30:00,9.50
2023-01-25 14:00:00,9.56
2023-01-25 14:30:00,9.71
2023-01-25 15:00:00,9.81
2023-01-25 15:30:00,9.88
2023-01-25 16:00:00,9.90
2023-01-25 16:30:00,10.00
2023-01-25 17:00:00,10.08
2023-01-25 17:30:00,10.19
2023-01-25 18:00:00,10.27
2023-01-25 18:30:00,10.38
2023-01-25 19:00:00,10.40
2023-01-25 19:30:00,10.44
2023-01-25 20:00:00,10.44
2023-01-25 20:30:00,10.44
2023-01-25 21:00:00,10.50
2023-01-25 21:30:00,10.50
2023-01-25 22:00:00,10.50
2023-01-25 22:30:00,10.50
2023-01-25 23:00:00,10.44
2023-01-25 23:30:00,10.44
2023-01-26 00:00:00,10.31
2023-01-26 00:30:00,10.31
2023-01-26 01:00:00,10.27
2023-01-26 01:30:00,10.15
2023-01-26 02:00:00,10.15
2023-01-26 02:30:00,10.13
2023-01-26 03:00:00,10.04
2023-01-26 03:30:00,10.00
2023-01-26 04:00:00,10.00
2023-01-26 04:30:00,9.96
2023-01-26 05:00:00,9.92
2023-01-26 05:30:00,9.46
2023-01-26 06:00:00,9.17
2023-01-26 06:30:00,9.13
2023-01-26 07:00:00,9.13
2023-01-26 07:30:00,9.13
2023-01-26 08:00:00,9.10
2023-01-26 08:30:00,9.08
2023-01-26 09:00:00,9.06
2023-01-26 09:30:00,9.13
2023-01-26 10:00:00,9.19
2023-01-26 10:30:00,9.31
2023-01-26 11:00:00,9.44
2023-01-26 11:30:00,9.54
2023-01-26 12:00:00,9.65
2023-01-26 12:30:00,9.73
2023-01-26 13:00:00,9.79
2023-01-26 13:30:00,9.94
2023-01-26 14:00:00,10.04
2023-01-26 14:30:00,10.10
2023-01-26 15:00:00,10.04
2023-01-26 15:30:00,9.94
2023-01-26 16:00:00,10.02
2023-01-26 16:30:00,10.02
2023-01-26 17:00:00,10.21
2023-01-26 17:30:00,10.31
2023-01-26 18:00:00,10.33
2023-01-26 18:30:00,10.38
2023-01-26 19:00:00,10.38
2023-01-26 19:30:00,10.38
2023-01-26 20:00:00,10.33
2023-01-26 20:30:00,10.35
2023-01-26 21:00:00,10.40
2023-01-26 21:30:00,10.31
2023-01-26 22:00:00,10.25
2023-01-26 22:30:00,10.19
2023-01-26 23:00:00,10.15
2023-01-26 23:30:00,10.10
2023-01-27 00:00:00,10.06
2023-01-27 00:30:00,10.02
2023-01-27 01:00:00,10.00
2023-01-27 01:30:00,9.96
2023-01-27 02:00:00,9.94
2023-01-27 02:30:00,9.88
2023-01-27 03:00:00,9.81
2023-01-27 03:30:00,9.81
2023-01-27 04:00:00,9.79
2023-01-27 04:30:00,9.73
2023-01-27 05:00:00,9.71
2023-01-27 05:30:00,9.69
2023-01-27 06:00:00,9.69
2023-01-27 06:30:00,9.63
2023-01-27 07:00:00,9.58
2023-01-27 07:30:00,9.53
2023-01-27 08:00:00,9.50
2023-01-27 08:30:00,9.46
2023-01-27 09:00:00,9.48
2023-01-27 09:30:00,9.50
2023-01-27 10:00:00,9.50
2023-01-27 10:30:00,9.54
2023-01-27 11:00:00,9.63
2023-01-27 11:30:00,9.73
2023-01-27 12:00:00,9.83
2023-01-27 12:30:00,9.92
2023-01-27 13:00:00,10.04
2023-01-27 13:30:00,10.10
2023-01-27 14:00:00,10.19
2023-01-27 14:30:00,10.27
2023-01-27 15:00:00,10.31
2023-01-27 15:30:00,10.38
2023-01-27 16:00:00,10.38
2023-01-27 16:30:00,10.46
2023-01-27 17:00:00,10.56
2023-01-27 17:30:00,10.56
2023-01-27 18:00:00,10.56
2023-01-27 18:30:00,10.56
2023-01-27 19:00:00,10.56
2023-01-27 19:30:00,10.56
2023-01-27 20:00:00,10.56
2023-01-27 20:30:00,10.63
2023-01-27 21:00:00,10.63
2023-01-27 21:30:00,10.63
2023-01-27 22:00:00,10.65
2023-01-27 22:30:00,10.63
2023-01-27 23:00:00,10.69
2023-01-27 23:30:00,10.69
2023-01-28 00:00:00,10.71
2023-01-28 00:30:00,10.71
2023-01-28 01:00:00,10.69
2023-01-28 01:30:00,10.65
2023-01-28 02:00:00,10.63
2023-01-28 02:30:00,10.65
2023-01-28 03:00:00,10.65
2023-01-28 03:30:00,10.63
2023-01-28 04:00:00,10.63
2023-01-28 04:30:00,10.63
2023-01-28 05:00:00,10.56
2023-01-28 05:30:00,10.54
2023-01-28 06:00:00,10.35
2023-01-28 06:30:00,10.40
2023-01-28 07:00:00,10.17
2023-01-28 07:30:00,10.08
2023-01-28 08:00:00,9.98
2023-01-28 08:30:00,9.94
2023-01-28 09:00:00,9.90
2023-01-28 09:30:00,9.79
2023-01-28 10:00:00,9.75
2023-01-28 10:30:00,9.75
2023-01-28 11:00:00,9.77
2023-01-28 11:30:00,9.83
2023-01-28 12:00:00,9.96
2023-01-28 12:30:00,10.08
2023-01-28 13:00:00,10.25
2023-01-28 13:30:00,10.48
2023-01-28 14:00:00,10.58
2023-01-28 14:30:00,10.60
2023-01-28 15:00:00,10.69
2023-01-28 15:30:00,10.58
2023-01-28 16:00:00,10.54
2023-01-28 16:30:00,10.60
2023-01-28 17:00:00,10.71
2023-01-28 17:30:00,10.79
2023-01-28 18:00:00,10.81
2023-01-28 18:30:00,10.88
2023-01-28 19:00:00,10.92
2023-01-28 19:30:00,10.90
2023-01-28 20:00:00,10.88
2023-01-28 20:30:00,10.88
2023-01-28 21:00:00,10.81
2023-01-28 21:30:00,10.83
2023-01-28 22:00:00,10.79
2023-01-28 22:30:00,10.77
2023-01-28 23:00:00,10.88
2023-01-28 23:30:00,10.83
2023-01-29 00:00:00,10.65
2023-01-29 00:30:00,10.63
2023-01-29 01:00:00,10.56
2023-01-29 01:30:00,10.50
2023-01-29 02:00:00,10.48
2023-01-29 02:30:00,10.44
2023-01-29 03:00:00,10.54
2023-01-29 03:30:00,10.50
2023-01-29 04:00:00,10.56
2023-01-29 04:30:00,10.40
2023-01-29 05:00:00,10.29
2023-01-29 05:30:00,10.25
2023-01-29 06:00:00,10.25
2023-01-29 06:30:00,10.19
2023-01-29 07:00:00,10.13
2023-01-29 07:30:00,10.06
2023-01-29 08:00:00,10.02
2023-01-29 08:30:00,10.00
2023-01-29 09:00:00,9.98
2023-01-29 09:30:00,10.00
2023-01-29 10:00:00,10.02
2023-01-29 10:30:00,10.08
2023-01-29 11:00:00,10.15
2023-01-29 11:30:00,10.21
2023-01-29 12:00:00,10.27
2023-01-29 12:30:00,10.35
2023-01-29 13:00:00,10.50
2023-01-29 13:30:00,10.56
2023-01-29 14:00:00,10.75
2023-01-29 14:30:00,11.00
2023-01-29 15:00:00,11.08
2023-01-29 15:30:00,11.13
2023-01-29 16:00:00,11.10
2023-01-29 16:30:00,11.17
2023-01-29 17:00:00,11.19
2023-01-29 17:30:00,11.17
2023-01-29 18:00:00,11.15
2023-01-29 18:30:00,11.08
2023-01-29 19:00:00,11.04
2023-01-29 19:30:00,11.00
2023-01-29 20:00:00,10.98
2023-01-29 20:30:00,10.94
2023-01-29 21:00:00,10.90
2023-01-29 21:30:00,10.83
2023-01-29 22:00:00,10.88
2023-01-29 22:30:00,10.83
2023-01-29 23:00:00,10.81
2023-01-29 23:30:00,10.81
2023-01-30 00:00:00,10.79
2023-01-30 00:30:00,10.75
2023-01-30 01:00:00,10.77
2023-01-30 01:30:00,10.75
2023-01-30 02:00:00,10.81
2023-01-30 02:30:00,10.77
2023-01-30 03:00:00,10.73
2023-01-30 03:30:00,10.75
2023-01-30 04:00:00,10.69
2023-01-30 04:30:00,10.65
2023-01-30 05:00:00,10.63
2023-01-30 05:30:00,10.56
2023-01-30 06:00:00,10.56
2023-01-30 06:30:00,10.50
2023-01-30 07:00:00,10.44
2023-01-30 07:30:00,10.40
2023-01-30 08:00:00,10.38
2023-01-30 08:30:00,10.31
2023-01-30 09:00:00,10.38
2023-01-30 09:30:00,10.38
2023-01-30 10:00:00,10.44
2023-01-30 10:30:00,10.52
2023-01-30 11:00:00,10.56
2023-01-30 11:30:00,10.65
2023-01-30 12:00:00,10.72
2023-01-30 12:30:00,10.83
2023-01-30 13:00:00,10.92
2023-01-30 13:30:00,11.00
2023-01-30 14:00:00,11.04
2023-01-30 14:30:00,11.13
2023-01-30 15:00:00,11.23
2023-01-30 15:30:00,11.31
2023-01-30 16:00:00,11.38
2023-01-30 16:30:00,11.38
2023-01-30 17:00:00,11.38
2023-01-30 17:30:00,11.40
2023-01-30 18:00:00,11.38
2023-01-30 18:30:00,11.40
2023-01-30 19:00:00,11.44
2023-01-30 19:30:00,11.44
2023-01-30 20:00:00,11.44
2023-01-30 20:30:00,11.44
2023-01-30 21:00:00,11.46
2023-01-30 21:30:00,11.48
2023-01-30 22:00:00,11.44
2023-01-30 22:30:00,11.44
2023-01-30 23:00:00,11.44
2023-01-30 23:30:00,11.44
2023-01-31 00:00:00,11.42
2023-01-31 00:30:00,11.38
2023-01-31 01:00:00,11.31
2023-01-31 01:30:00,11.31
2023-01-31 02:00:00,11.31
2023-01-31 02:30:00,11.27
2023-01-31 03:00:00,11.15
2023-01-31 03:30:00,10.85
2023-01-31 04:00:00,10.79
2023-01-31 04:30:00,10.73
2023-01-31 05:00:00,10.67
2023-01-31 05:30:00,10.63
2023-01-31 06:00:00,10.60
2023-01-31 06:30:00,10.56
2023-01-31 07:00:00,10.56
2023-01-31 07:30:00,10.56
2023-01-31 08:00:00,10.56
2023-01-31 08:30:00,10.56
2023-01-31 09:00:00,10.50
2023-01-31 09:30:00,10.48
2023-01-31 10:00:00,10.50
2023-01-31 10:30:00,10.54
2023-01-31 11:00:00,10.65
2023-01-31 11:30:00,10.73
2023-01-31 12:00:00,10.83
2023-01-31 12:30:00,10.98
2023-01-31 13:00:00,11.08
2023-01-31 13:30:00,11.15
2023-01-31 14:00:00,11.29
2023-01-31 14:30:00,11.40
2023-01-31 15:00:00,11.50
2023-01-31 15:30:00,11.60
2023-01-31 16:00:00,11.70
2023-01-31 16:30:00,11.77
2023-01-31 17:00:00,11.88
2023-01-31 17:30:00,11.94
2023-01-31 18:00:00,12.00
2023-01-31 18:30:00,11.96
2023-01-31 19:00:00,11.92
2023-01-31 19:30:00,11.81
2023-01-31 20:00:00,11.77
2023-01-31 20:30:00,11.71
2023-01-31 21:00:00,11.71
2023-01-31 21:30:00,11.67
2023-01-31 22:00:00,11.65
2023-01-31 22:30:00,11.63
2023-01-31 23:00:00,11.60
2023-01-31 23:30:00,11.56
2023-02-01 00:00:00,11.52
2023-02-01 00:30:00,11.52
2023-02-01 01:00:00,11.47
2023-02-01 01:30:00,11.46
2023-02-01 02:00:00,11.40
2023-02-01 02:30:00,11.38
2023-02-01 03:00:00,11.33
2023-02-01 03:30:00,11.31
2023-02-01 04:00:00,11.31
2023-02-01 04:30:00,11.29
2023-02-01 05:00:00,11.27
2023-02-01 05:30:00,11.23
2023-02-01 06:00:00,11.21
2023-02-01 06:30:00,11.15
2023-02-01 07:00:00,11.13
2023-02-01 07:30:00,11.06
2023-02-01 08:00:00,11.02
2023-02-01 08:30:00,11.02
2023-02-01 09:00:00,11.02
2023-02-01 09:30:00,11.02
2023-02-01 10:00:00,11.02
2023-02-01 10:30:00,11.04
2023-02-01 11:00:00,11.15
2023-02-01 11:30:00,11.27
2023-02-01 12:00:00,11.38
2023-02-01 12:30:00,11.42
2023-02-01 13:00:00,11.50
2023-02-01 13:30:00,11.56
2023-02-01 14:00:00,11.56
2023-02-01 14:30:00,11.58
2023-02-01 15:00:00,11.65
2023-02-01 15:30:00,11.69
2023-02-01 16:00:00,11.67
2023-02-01 16:30:00,11.69
2023-02-01 17:00:00,11.65
2023-02-01 17:30:00,11.69
2023-02-01 18:00:00,11.69
2023-02-01 18:30:00,11.56
2023-02-01 19:00:00,11.65
2023-02-01 19:30:00,11.69
2023-02-01 20:00:00,11.60
2023-02-01 20:30:00,11.71
2023-02-01 21:00:00,11.81
2023-02-01 21:30:00,11.88
2023-02-01 22:00:00,11.88
2023-02-01 22:30:00,11.88
2023-02-01 23:00:00,11.88
2023-02-01 23:30:00,11.88
2023-02-02 00:00:00,11.88
2023-02-02 00:30:00,11.88
2023-02-02 01:00:00,11.90
2023-02-02 01:30:00,11.94
2023-02-02 02:00:00,11.94
2023-02-02 02:30:00,11.94
2023-02-02 03:00:00,11.94
2023-02-02 03:30:00,11.94
2023-02-02 04:00:00,11.94
2023-02-02 04:30:00,11.88
2023-02-02 05:00:00,11.85
2023-02-02 05:30:00,11.83
2023-02-02 06:00:00,11.73
2023-02-02 06:30:00,11.63
2023-02-02 07:00:00,11.56
2023-02-02 07:30:00,11.52
2023-02-02 08:00:00,11.52
2023-02-02 08:30:00,11.54
2023-02-02 09:00:00,11.52
2023-02-02 09:30:00,11.52
2023-02-02 10:00:00,11.58
2023-02-02 10:30:00,11.67
2023-02-02 11:00:00,11.75
2023-02-02 11:30:00,11.83
2023-02-02 12:00:00,11.94
2023-02-02 12:30:00,12.04
2023-02-02 13:00:00,12.17
2023-02-02 13:30:00,12.29
2023-02-02 14:00:00,12.38
2023-02-02 14:30:00,12.44
2023-02-02 15:00:00,12.52
2023-02-02 15:30:00,12.50
2023-02-02 16:00:00,12.52
2023-02-02 16:30:00,12.56
2023-02-02 17:00:00,12.60
2023-02-02 17:30:00,12.65
2023-02-02 18:00:00,12.63
2023-02-02 18:30:00,12.63
2023-02-02 19:00:00,12.63
2023-02-02 19:30:00,12.63
2023-02-02 20:00:00,12.63
2023-02-02 20:30:00,12.65
2023-02-02 21:00:00,12.67
2023-02-02 21:30:00,12.65
2023-02-02 22:00:00,12.63
2023-02-02 22:30:00,12.56
2023-02-02 23:00:00,12.54
2023-02-02 23:30:00,12.50
2023-02-03 00:00:00,12.50
2023-02-03 00:30:00,12.44
2023-02-03 01:00:00,12.42
2023-02-03 01:30:00,12.44
2023-02-03 02:00:00,12.38
2023-02-03 02:30:00,12.38
2023-02-03 03:00:00,12.31
2023-02-03 03:30:00,12.31
2023-02-03 04:00:00,12.25
2023-02-03 04:30:00,12.19
2023-02-03 05:00:00,12.08
2023-02-03 05:30:00,12.06
2023-02-03 06:00:00,12.06
2023-02-03 06:30:00,12.08
2023-02-03 07:00:00,12.02
2023-02-03 07:30:00,12.04
2023-02-03 08:00:00,11.94
2023-02-03 08:30:00,11.78
2023-02-03 09:00:00,11.77
2023-02-03 09:30:00,11.77
2023-02-03 10:00:00,11.79
2023-02-03 10:30:00,11.88
2023-02-03 11:00:00,11.98
2023-02-03 11:30:00,12.00
2023-02-03 12:00:00,12.08
2023-02-03 12:30:00,12.21
2023-02-03 13:00:00,12.31
2023-02-03 13:30:00,12.42
2023-02-03 14:00:00,12.48
2023-02-03 14:30:00,12.54
2023-02-03 15:00:00,12.63
2023-02-03 15:30:00,12.71
2023-02-03 16:00:00,12.81
2023-02-03 16:30:00,12.98
2023-02-03 17:00:00,13.02
2023-02-03 17:30:00,13.06
2023-02-03 18:00:00,13.10
2023-02-03 18:30:00,13.13
2023-02-03 19:00:00,13.15
2023-02-03 19:30:00,13.19
2023-02-03 20:00:00,13.19
2023-02-03 20:30:00,13.19
2023-02-03 21:00:00,13.15
2023-02-03 21:30:00,13.13
2023-02-03 22:00:00,13.13
2023-02-03 22:30:00,13.10
2023-02-03 23:00:00,13.06
2023-02-03 23:30:00,13.00
2023-02-04 00:00:00,13.00
2023-02-04 00:30:00,12.96
2023-02-04 01:00:00,12.92
2023-02-04 01:30:00,12.83
2023-02-04 02:00:00,12.79
2023-02-04 02:30:00,12.75
2023-02-04 03:00:00,12.75
2023-02-04 03:30:00,12.71
2023-02-04 04:00:00,12.52
2023-02-04 04:30:00,12.42
2023-02-04 05:00:00,12.42
2023-02-04 05:30:00,12.38
2023-02-04 06:00:00,12.31
2023-02-04 06:30:00,12.31
2023-02-04 07:00:00,12.25
2023-02-04 07:30:00,12.25
2023-02-04 08:00:00,12.23
2023-02-04 08:30:00,12.17
2023-02-04 09:00:00,12.19
2023-02-04 09:30:00,12.25
2023-02-04 10:00:00,12.31
2023-02-04 10:30:00,12.35
2023-02-04 11:00:00,12.42
2023-02-04 11:30:00,12.50
2023-02-04 12:00:00,12.60
2023-02-04 12:30:00,12.67
2023-02-04 13:00:00,12.75
2023-02-04 13:30:00,12.88
2023-02-04 14:00:00,12.98
2023-02-04 14:30:00,13.04
2023-02-04 15:00:00,13.04
2023-02-04 15:30:00,13.00
2023-02-04 16:00:00,13.14
2023-02-04 16:30:00,13.40
2023-02-04 17:00:00,13.50
2023-02-04 17:30:00,13.50
2023-02-04 18:00:00,13.50
2023-02-04 18:30:00,13.46
2023-02-04 19:00:00,13.44
2023-02-04 19:30:00,13.42
2023-02-04 20:00:00,13.38
2023-02-04 20:30:00,13.38
2023-02-04 21:00:00,13.31
2023-02-04 21:30:00,13.31
2023-02-04 22:00:00,13.25
2023-02-04 22:30:00,13.25
2023-02-04 23:00:00,13.19
2023-02-04 23:30:00,13.15
2023-02-05 00:00:00,13.13
2023-02-05 00:30:00,13.06
2023-02-05 01:00:00,13.06
2023-02-05 01:30:00,13.00
2023-02-05 02:00:00,13.00
2023-02-05 02:30:00,12.98
2023-02-05 03:00:00,12.98
2023-02-05 03:30:00,12.94
2023-02-05 04:00:00,12.94
2023-02-05 04:30:00,12.90
2023-02-05 05:00:00,12.90
2023-02-05 05:30:00,12.88
2023-02-05 06:00:00,12.81
2023-02-05 06:30:00,12.77
2023-02-05 07:00:00,12.77
2023-02-05 07:30:00,12.75
2023-02-05 08:00:00,12.69
2023-02-05 08:30:00,12.69
2023-02-05 09:00:00,12.63
2023-02-05 09:30:00,12.69
2023-02-05 10:00:00,12.73
2023-02-05 10:30:00,12.77
2023-02-05 11:00:00,12.75
2023-02-05 11:30:00,12.94
2023-02-05 12:00:00,13.15
2023-02-05 12:30:00,13.23
2023-02-05 13:00:00,13.40
2023-02-05 13:30:00,13.52
2023-02-05 14:00:00,13.73
2023-02-05 14:30:00,13.83
2023-02-05 15:00:00,13.97
2023-02-05 15:30:00,13.94
2023-02-05 16:00:00,13.94
2023-02-05 16:30:00,13.96
2023-02-05 17:00:00,13.94
2023-02-05 17:30:00,13.90
2023-02-05 18:00:00,13.88
2023-02-05 18:30:00,13.88
2023-02-05 19:00:00,13.88
2023-02-05 19:30:00,13.88
2023-02-05 20:00:00,13.88
2023-02-05 20:30:00,13.88
2023-02-05 21:00:00,13.79
2023-02-05 21:30:00,13.79
2023-02-05 22:00:00,13.75
2023-02-05 22:30:00,13.63
2023-02-05 23:00:00,13.63
2023-02-05 23:30:00,13.71
2023-02-06 00:00:00,13.58
2023-02-06 00:30:00,13.65
2023-02-06 01:00:00,13.69
2023-02-06 01:30:00,13.69
2023-02-06 02:00:00,13.50
2023-02-06 02:30:00,13.56
2023-02-06 03:00:00,13.58
2023-02-06 03:30:00,13.58
2023-02-06 04:00:00,13.52
2023-02-06 04:30:00,13.52
2023-02-06 05:00:00,13.52
2023-02-06 05:30:00,13.31
2023-02-06 06:00:00,13.29
2023-02-06 06:30:00,13.25
2023-02-06 07:00:00,13.38
2023-02-06 07:30:00,13.29
2023-02-06 08:00:00,13.25
2023-02-06 08:30:00,13.19
2023-02-06 09:00:00,13.25
2023-02-06 09:30:00,13.42
2023-02-06 10:00:00,13.34
2023-02-06 10:30:00,13.50
2023-02-06 11:00:00,13.54
2023-02-06 11:30:00,13.69
2023-02-06 12:00:00,13.77
2023-02-06 12:30:00,13.75
2023-02-06 13:00:00,13.77
2023-02-06 13:30:00,13.83
2023-02-06 14:00:00,13.88
2023-02-06 14:30:00,13.85
2023-02-06 15:00:00,13.81
2023-02-06 15:30:00,13.81
2023-02-06 16:00:00,13.75
2023-02-06 16:30:00,13.75
2023-02-06 17:00:00,13.69
2023-02-06 17:30:00,13.63
2023-02-06 18:00:00,13.58
2023-02-06 18:30:00,13.56
2023-02-06 19:00:00,13.50
2023-02-06 19:30:00,13.48
2023-02-06 20:00:00,13.44
2023-02-06 20:30:00,13.42
2023-02-06 21:00:00,13.38
2023-02-06 21:30:00,13.35
2023-02-06 22:00:00,13.31
2023-02-06 22:30:00,13.29
2023-02-06 23:00:00,13.25
2023-02-06 23:30:00,13.21
2023-02-07 00:00:00,13.17
2023-02-07 00:30:00,13.13
2023-02-07 01:00:00,13.13
2023-02-07 01:30:00,13.08
2023-02-07 02:00:00,13.06
2023-02-07 02:30:00,13.00
2023-02-07 03:00:00,12.94
2023-02-07 03:30:00,12.94
2023-02-07 04:00:00,12.85
2023-02-07 04:30:00,12.97
2023-02-07 05:00:00,12.94
2023-02-07 05:30:00,12.92
2023-02-07 06:00:00,12.81
2023-02-07 06:30:00,12.75
2023-02-07 07:00:00,12.63
2023-02-07 07:30:00,12.58
2023-02-07 08:00:00,12.56
2023-02-07 08:30:00,12.50
2023-02-07 09:00:00,12.50
2023-02-07 09:30:00,12.56
2023-02-07 10:00:00,12.56
2023-02-07 10:30:00,12.60
2023-02-07 11:00:00,12.69
2023-02-07 11:30:00,12.79
2023-02-07 12:00:00,12.85
2023-02-07 12:30:00,12.92
2023-02-07 13:00:00,13.00
2023-02-07 13:30:00,13.02
2023-02-07 14:00:00,13.08
2023-02-07 14:30:00,13.17
2023-02-07 15:00:00,13.21
2023-02-07 15:30:00,13.25
2023-02-07 16:00:00,13.25
2023-02-07 16:30:00,13.27
2023-02-07 17:00:00,13.23
2023-02-07 17:30:00,13.25
2023-02-07 18:00:00,13.25
2023-02-07 18:30:00,13.21
2023-02-07 19:00:00,13.17
2023-02-07 19:30:00,13.13
2023-02-07 20:00:00,13.13
2023-02-07 20:30:00,13.06
2023-02-07 21:00:00,13.06
2023-02-07 21:30:00,13.06
2023-02-07 22:00:00,13.19
2023-02-07 22:30:00,13.22
2023-02-07 23:00:00,13.15
2023-02-07 23:30:00,13.13
2023-02-08 00:00:00,13.08
2023-02-08 00:30:00,12.94
2023-02-08 01:00:00,12.88
2023-02-08 01:30:00,12.88
2023-02-08 02:00:00,12.85
2023-02-08 02:30:00,12.92
2023-02-08 03:00:00,12.79
2023-02-08 03:30:00,12.73
2023-02-08 04:00:00,12.69
2023-02-08 04:30:00,12.79
2023-02-08 05:00:00,12.77
2023-02-08 05:30:00,12.75
2023-02-08 06:00:00,12.73
2023-02-08 06:30:00,12.71
2023-02-08 07:00:00,12.71
2023-02-08 07:30:00,12.69
2023-02-08 08:00:00,12.73
2023-02-08 08:30:00,12.60
2023-02-08 09:00:00,12.50
2023-02-08 09:30:00,12.54
2023-02-08 10:00:00,12.56
2023-02-08 10:30:00,12.52
2023-02-08 11:00:00,12.50
2023-02-08 11:30:00,12.52
2023-02-08 12:00:00,12.60
2023-02-08 12:30:00,12.79
2023-02-08 13:00:00,12.92
2023-02-08 13:30:00,13.02
2023-02-08 14:00:00,13.15
2023-02-08 14:30:00,13.29
2023-02-08 15:00:00,13.46
2023-02-08 15:30:00,13.52
2023-02-08 16:00:00,13.59
2023-02-08 16:30:00,13.69
2023-02-08 17:00:00,13.69
2023-02-08 17:30:00,13.65
2023-02-08 18:00:00,13.65
2023-02-08 18:30:00,13.69
2023-02-08 19:00:00,13.65
2023-02-08 19:30:00,13.65
2023-02-08 20:00:00,13.63
2023-02-08 20:30:00,13.63
2023-02-08 21:00:00,13.58
2023-02-08 21:30:00,13.56
2023-02-08 22:00:00,13.56
2023-02-08 22:30:00,13.56
2023-02-08 23:00:00,13.56
2023-02-08 23:30:00,13.56
2023-02-09 00:00:00,13.52
2023-02-09 00:30:00,13.50
2023-02-09 01:00:00,13.48
2023-02-09 01:30:00,13.44
2023-02-09 02:00:00,13.42
2023-02-09 02:30:00,13.40
2023-02-09 03:00:00,13.31
2023-02-09 03:30:00,13.31
2023-02-09 04:00:00,13.25
2023-02-09 04:30:00,13.25
2023-02-09 05:00:00,13.19
2023-02-09 05:30:00,13.17
2023-02-09 06:00:00,13.17
2023-02-09 06:30:00,13.15
2023-02-09 07:00:00,13.10
2023-02-09 07:30:00,13.06
2023-02-09 08:00:00,13.08
2023-02-09 08:30:00,13.06
2023-02-09 09:00:00,13.02
2023-02-09 09:30:00,13.00
2023-02-09 10:00:00,13.00
2023-02-09 10:30:00,13.02
2023-02-09 11:00:00,13.06
2023-02-09 11:30:00,13.19
2023-02-09 12:00:00,13.22
2023-02-09 12:30:00,13.27
2023-02-09 13:00:00,13.33
2023-02-09 13:30:00,13.44
2023-02-09 14:00:00,13.54
2023-02-09 14:30:00,13.65
2023-02-09 15:00:00,13.73
2023-02-09 15:30:00,13.73
2023-02-09 16:00:00,13.83
2023-02-09 16:30:00,13.83
2023-02-09 17:00:00,13.81
2023-02-09 17:30:00,13.81
2023-02-09 18:00:00,13.77
2023-02-09 18:30:00,13.77
2023-02-09 19:00:00,13.69
2023-02-09 19:30:00,13.65
2023-02-09 20:00:00,13.56
2023-02-09 20:30:00,13.54
2023-02-09 21:00:00,13.46
2023-02-09 21:30:00,13.42
2023-02-09 22:00:00,13.38
2023-02-09 22:30:00,13.33
2023-02-09 23:00:00,13.25
2023-02-09 23:30:00,13.35
2023-02-10 00:00:00,13.23
2023-02-10 00:30:00,13.23
2023-02-10 01:00:00,13.27
2023-02-10 01:30:00,13.23
2023-02-10 02:00:00,13.19
2023-02-10 02:30:00,13.19
2023-02-10 03:00:00,13.19
2023-02-10 03:30:00,13.17
2023-02-10 04:00:00,13.00
2023-02-10 04:30:00,12.94
2023-02-10 05:00:00,12.88
2023-02-10 05:30:00,12.81
2023-02-10 06:00:00,12.81
2023-02-10 06:30:00,12.75
2023-02-10 07:00:00,12.71
2023-02-10 07:30:00,12.63
2023-02-10 08:00:00,12.58
2023-02-10 08:30:00,12.63
2023-02-10 09:00:00,12.63
2023-02-10 09:30:00,12.69
2023-02-10 10:00:00,12.63
2023-02-10 10:30:00,12.75
2023-02-10 11:00:00,12.81
2023-02-10 11:30:00,12.77
2023-02-10 12:00:00,12.88
2023-02-10 12:30:00,13.02
2023-02-10 13:00:00,13.22
2023-02-10 13:30:00,13.31
2023-02-10 14:00:00,13.25
2023-02-10 14:30:00,13.27
2023-02-10 15:00:00,13.23
2023-02-10 15:30:00,13.23
2023-02-10 16:00:00,13.25
2023-02-10 16:30:00,13.25
2023-02-10 17:00:00,13.27
2023-02-10 17:30:00,13.27
2023-02-10 18:00:00,13.27
2023-02-10 18:30:00,13.17
2023-02-10 19:00:00,13.10
2023-02-10 19:30:00,13.02
2023-02-10 20:00:00,13.00
2023-02-10 20:30:00,12.96
2023-02-10 21:00:00,12.96
2023-02-10 21:30:00,12.88
2023-02-10 22:00:00,12.85
2023-02-10 22:30:00,12.79
2023-02-10 23:00:00,12.75
2023-02-10 23:30:00,12.69
2023-02-11 00:00:00,12.69
2023-02-11 00:30:00,12.63
2023-02-11 01:00:00,12.63
2023-02-11 01:30:00,12.63
2023-02-11 02:00:00,12.67
2023-02-11 02:30:00,12.73
2023-02-11 03:00:00,12.73
2023-02-11 03:30:00,12.71
2023-02-11 04:00:00,12.69
2023-02-11 04:30:00,12.69
2023-02-11 05:00:00,12.60
2023-02-11 05:30:00,12.52
2023-02-11 06:00:00,12.50
2023-02-11 06:30:00,12.46
2023-02-11 07:00:00,12.44
2023-02-11 07:30:00,12.44
2023-02-11 08:00:00,12.46
2023-02-11 08:30:00,12.50
2023-02-11 09:00:00,12.56
2023-02-11 09:30:00,12.60
2023-02-11 10:00:00,12.71
2023-02-11 10:30:00,12.69
2023-02-11 11:00:00,12.71
2023-02-11 11:30:00,12.69
2023-02-11 12:00:00,12.72
2023-02-11 12:30:00,12.69
2023-02-11 13:00:00,12.71
2023-02-11 13:30:00,12.69
2023-02-11 14:00:00,12.69
2023-02-11 14:30:00,12.71
2023-02-11 15:00:00,12.73
2023-02-11 15:30:00,12.75
2023-02-11 16:00:00,12.73
2023-02-11 16:30:00,12.70
2023-02-11 17:00:00,12.73
2023-02-11 17:30:00,12.69
2023-02-11 18:00:00,12.69
2023-02-11 18:30:00,12.63
2023-02-11 19:00:00,12.63
2023-02-11 19:30:00,12.58
2023-02-11 20:00:00,12.54
2023-02-11 20:30:00,12.50
2023-02-11 21:00:00,12.50
2023-02-11 21:30:00,12.44
2023-02-11 22:00:00,12.38
2023-02-11 22:30:00,12.38
2023-02-11 23:00:00,12.35
2023-02-11 23:30:00,12.33
2023-02-12 00:00:00,12.31
2023-02-12 00:30:00,12.31
2023-02-12 01:00:00,12.29
2023-02-12 01:30:00,12.21
2023-02-12 02:00:00,12.17
2023-02-12 02:30:00,12.08
2023-02-12 03:00:00,12.08
2023-02-12 03:30:00,12.02
2023-02-12 04:00:00,12.00
2023-02-12 04:30:00,12.02
2023-02-12 05:00:00,12.00
2023-02-12 05:30:00,
2023-02-12 06:00:00,
2023-02-12 06:30:00,
2023-02-12 07:00:00,
2023-02-12 07:30:00,
2023-02-12 08:00:00,
2023-02-12 08:30:00,
2023-02-12 09:00:00,
2023-02-12 09:30:00,
2023-02-12 10:00:00,
2023-02-12 10:30:00,
2023-02-12 11:00:00,
2023-02-12 11:30:00,
2023-02-12 12:00:00,
2023-02-12 12:30:00,12.31
2023-02-12 13:00:00,12.35
2023-02-12 13:30:00,12.44
2023-02-12 14:00:00,12.54
2023-02-12 14:30:00,12.67
2023-02-12 15:00:00,12.79
2023-02-12 15:30:00,12.85
2023-02-12 16:00:00,12.92
2023-02-12 16:30:00,12.94
2023-02-12 17:00:00,13.00
2023-02-12 17:30:00,12.96
2023-02-12 18:00:00,12.94
2023-02-12 18:30:00,12.96
2023-02-12 19:00:00,12.94
2023-02-12 19:30:00,12.88
2023-02-12 20:00:00,12.81
2023-02-12 20:30:00,12.81
2023-02-12 21:00:00,12.79
2023-02-12 21:30:00,12.73
2023-02-12 22:00:00,12.81
2023-02-12 22:30:00,12.92
2023-02-12 23:00:00,12.90
2023-02-12 23:30:00,12.90
2023-02-13 00:00:00,12.92
2023-02-13 00:30:00,12.92
2023-02-13 01:00:00,12.94
2023-02-13 01:30:00,12.94
2023-02-13 02:00:00,12.94
2023-02-13 02:30:00,12.94
2023-02-13 03:00:00,12.94
2023-02-13 03:30:00,12.96
2023-02-13 04:00:00,12.94
2023-02-13 04:30:00,12.85
2023-02-13 05:00:00,12.69
2023-02-13 05:30:00,12.42
2023-02-13 06:00:00,12.31
2023-02-13 06:30:00,12.35
2023-02-13 07:00:00,12.33
2023-02-13 07:30:00,12.31
2023-02-13 08:00:00,12.21
2023-02-13 08:30:00,12.15
2023-02-13 09:00:00,12.19
2023-02-13 09:30:00,12.19
2023-02-13 10:00:00,12.21
2023-02-13 10:30:00,12.25
2023-02-13 11:00:00,12.29
2023-02-13 11:30:00,12.35
2023-02-13 12:00:00,12.44
2023-02-13 12:30:00,12.52
2023-02-13 13:00:00,12.60
2023-02-13 13:30:00,12.69
2023-02-13 14:00:00,12.79
2023-02-13 14:30:00,12.83
2023-02-13 15:00:00,12.94
2023-02-13 15:30:00,12.94
2023-02-13 16:00:00,13.00
2023-02-13 16:30:00,13.06
2023-02-13 17:00:00,13.06
2023-02-13 17:30:00,13.02
2023-02-13 18:00:00,13.04
2023-02-13 18:30:00,13.00
2023-02-13 19:00:00,12.98
2023-02-13 19:30:00,12.96
2023-02-13 20:00:00,12.94
2023-02-13 20:30:00,12.94
2023-02-13 21:00:00,12.94
2023-02-13 21:30:00,12.92
2023-02-13 22:00:00,12.90
2023-02-13 22:30:00,12.88
2023-02-13 23:00:00,12.88
2023-02-13 23:30:00,12.88
2023-02-14 00:00:00,12.88
2023-02-14 00:30:00,12.85
2023-02-14 01:00:00,12.88
2023-02-14 01:30:00,12.91
2023-02-14 02:00:00,12.96
2023-02-14 02:30:00,12.94
2023-02-14 03:00:00,12.94
2023-02-14 03:30:00,12.96
2023-02-14 04:00:00,12.94
2023-02-14 04:30:00,12.94
2023-02-14 05:00:00,12.96
2023-02-14 05:30:00,12.94
2023-02-14 06:00:00,12.94
2023-02-14 06:30:00,12.96
2023-02-14 07:00:00,12.94
2023-02-14 07:30:00,12.94
2023-02-14 08:00:00,12.96
2023-02-14 08:30:00,12.96
2023-02-14 09:00:00,12.88
2023-02-14 09:30:00,12.69
2023-02-14 10:00:00,12.69
2023-02-14 10:30:00,12.75
2023-02-14 11:00:00,12.73
2023-02-14 11:30:00,12.75
2023-02-14 12:00:00,12.81
2023-02-14 12:30:00,12.83
2023-02-14 13:00:00,12.85
2023-02-14 13:30:00,12.90
2023-02-14 14:00:00,13.00
2023-02-14 14:30:00,13.13
2023-02-14 15:00:00,13.19
2023-02-14 15:30:00,13.21
2023-02-14 16:00:00,13.25
2023-02-14 16:30:00,13.25
2023-02-14 17:00:00,13.25
2023-02-14 17:30:00,13.27
2023-02-14 18:00:00,13.31
2023-02-14 18:30:00,13.31
2023-02-14 19:00:00,13.29
2023-02-14 19:30:00,13.28
2023-02-14 20:00:00,13.31
2023-02-14 20:30:00,13.31
2023-02-14 21:00:00,13.31
2023-02-14 21:30:00,13.31
2023-02-14 22:00:00,13.33
2023-02-14 22:30:00,13.31
2023-02-14 23:00:00,13.31
2023-02-14 23:30:00,13.31
2023-02-15 00:00:00,13.31
2023-02-15 00:30:00,13.31
2023-02-15 01:00:00,13.31
2023-02-15 01:30:00,13.31
2023-02-15 02:00:00,13.31
2023-02-15 02:30:00,13.31
2023-02-15 03:00:00,13.31
2023-02-15 03:30:00,13.31
2023-02-15 04:00:00,13.27
2023-02-15 04:30:00,13.25
2023-02-15 05:00:00,13.19
2023-02-15 05:30:00,13.17
2023-02-15 06:00:00,13.19
2023-02-15 06:30:00,13.19
2023-02-15 07:00:00,13.19
2023-02-15 07:30:00,13.19
2023-02-15 08:00:00,13.19
2023-02-15 08:30:00,13.19
2023-02-15 09:00:00,13.19
2023-02-15 09:30:00,13.19
2023-02-15 10:00:00,13.25
2023-02-15 10:30:00,13.25
2023-02-15 11:00:00,13.27
2023-02-15 11:30:00,13.38
2023-02-15 12:00:00,13.48
2023-02-15 12:30:00,13.58
2023-02-15 13:00:00,13.69
2023-02-15 13:30:00,13.79
2023-02-15 14:00:00,13.88
2023-02-15 14:30:00,13.97
2023-02-15 15:00:00,14.08
2023-02-15 15:30:00,14.13
2023-02-15 16:00:00,14.17
2023-02-15 16:30:00,14.20
2023-02-15 17:00:00,14.21
2023-02-15 17:30:00,14.25
2023-02-15 18:00:00,14.21
2023-02-15 18:30:00,14.19
2023-02-15 19:00:00,14.19
2023-02-15 19:30:00,14.17
2023-02-15 20:00:00,14.17
2023-02-15 20:30:00,14.13
2023-02-15 21:00:00,14.08
2023-02-15 21:30:00,14.13
2023-02-15 22:00:00,14.17
2023-02-15 22:30:00,14.17
2023-02-15 23:00:00,14.17
2023-02-15 23:30:00,14.15
2023-02-16 00:00:00,14.10
2023-02-16 00:30:00,14.06
2023-02-16 01:00:00,14.10
2023-02-16 01:30:00,14.04
2023-02-16 02:00:00,14.00
2023-02-16 02:30:00,14.00
2023-02-16 03:00:00,14.00
2023-02-16 03:30:00,14.00
2023-02-16 04:00:00,14.02
2023-02-16 04:30:00,14.00
2023-02-16 05:00:00,13.98
2023-02-16 05:30:00,13.94
2023-02-16 06:00:00,13.98
2023-02-16 06:30:00,13.96
2023-02-16 07:00:00,13.94
2023-02-16 07:30:00,13.94
2023-02-16 08:00:00,13.94
2023-02-16 08:30:00,13.94
2023-02-16 09:00:00,13.88
2023-02-16 09:30:00,13.94
2023-02-16 10:00:00,13.96
2023-02-16 10:30:00,13.96
2023-02-16 11:00:00,14.02
2023-02-16 11:30:00,14.13
2023-02-16 12:00:00,14.23
2023-02-16 12:30:00,14.38
2023-02-16 13:00:00,14.48
2023-02-16 13:30:00,14.65
2023-02-16 14:00:00,14.73
2023-02-16 14:30:00,14.67
2023-02-16 15:00:00,14.75
2023-02-16 15:30:00,14.81
2023-02-16 16:00:00,14.85
2023-02-16 16:30:00,14.91
2023-02-16 17:00:00,14.92
2023-02-16 17:30:00,14.88
2023-02-16 18:00:00,14.85
2023-02-16 18:30:00,14.83
2023-02-16 19:00:00,14.77
2023-02-16 19:30:00,14.75
2023-02-16 20:00:00,14.77
2023-02-16 20:30:00,14.73
2023-02-16 21:00:00,14.73
2023-02-16 21:30:00,14.69
2023-02-16 22:00:00,14.71
2023-02-16 22:30:00,14.63
2023-02-16 23:00:00,14.69
2023-02-16 23:30:00,14.63
2023-02-17 00:00:00,14.63
2023-02-17 00:30:00,14.60
2023-02-17 01:00:00,14.53

